Store,Item,Category,Forecasted_Sales,Historical_Average,Growth_Rate_pct,Primary_Action,Severity_Level,Trend_Advice,Seasonality_Advice,Confidence_Score_pct,SHAP_Reason
5,50,Health & Beauty,49.85,49.01,1.72,Maintain optimal inventory,Low,Demand is accelerating. Prepare additional stock.,No immediate seasonal peaks expected.,93.53,Short-term moving averages indicate steady demand alignment.
10,48,Health & Beauty,55.69,56.43,-1.31,Maintain optimal inventory,Low,Demand is slowing. Avoid overstocking.,No immediate seasonal peaks expected.,93.53,Short-term moving averages indicate steady demand alignment.
4,7,Electronics,59.39,60.21,-1.37,Maintain optimal inventory,Low,Demand is accelerating. Prepare additional stock.,No immediate seasonal peaks expected.,93.53,Short-term moving averages indicate steady demand alignment.
4,8,Electronics,78.24,78.7,-0.58,Maintain optimal inventory,Low,Demand is slowing. Avoid overstocking.,No immediate seasonal peaks expected.,93.53,Short-term moving averages indicate steady demand alignment.
4,9,Electronics,53.93,52.87,2.0,Maintain optimal inventory,Low,Demand is slowing. Avoid overstocking.,No immediate seasonal peaks expected.,93.53,Short-term moving averages indicate steady demand alignment.
4,10,Electronics,73.13,75.31,-2.89,Maintain optimal inventory,Low,Demand is slowing. Avoid overstocking.,No immediate seasonal peaks expected.,93.53,Short-term moving averages indicate steady demand alignment.
4,11,Apparel,75.97,71.58,6.14,Increase inventory levels,Medium,Demand is accelerating. Prepare additional stock.,No immediate seasonal peaks expected.,98.53,rolling_mean_7 and sales_lag_7 show strong upward demand trend.
4,12,Apparel,72.5,71.43,1.5,Maintain optimal inventory,Low,Demand is accelerating. Prepare additional stock.,No immediate seasonal peaks expected.,93.53,Short-term moving averages indicate steady demand alignment.
4,13,Apparel,87.06,86.79,0.31,Maintain optimal inventory,Low,Demand is accelerating. Prepare additional stock.,No immediate seasonal peaks expected.,93.53,Short-term moving averages indicate steady demand alignment.
4,14,Apparel,59.31,60.35,-1.72,Maintain optimal inventory,Low,Demand is slowing. Avoid overstocking.,No immediate seasonal peaks expected.,93.53,Short-term moving averages indicate steady demand alignment.
4,15,Apparel,91.46,90.39,1.19,Maintain optimal inventory,Low,Demand is slowing. Avoid overstocking.,No immediate seasonal peaks expected.,93.53,Short-term moving averages indicate steady demand alignment.
4,16,Apparel,24.18,26.53,-8.85,Reduce procurement volume,Medium,Demand is slowing. Avoid overstocking.,No immediate seasonal peaks expected.,98.53,rolling_mean_7 and rolling_mean_30 show a declining demand trend.
4,17,Apparel,31.32,33.81,-7.38,Reduce procurement volume,Medium,Demand is slowing. Avoid overstocking.,No immediate seasonal peaks expected.,98.53,rolling_mean_7 and rolling_mean_30 show a declining demand trend.
4,18,Apparel,86.71,86.34,0.43,Maintain optimal inventory,Low,Demand is accelerating. Prepare additional stock.,No immediate seasonal peaks expected.,93.53,Short-term moving averages indicate steady demand alignment.
4,19,Apparel,42.75,41.47,3.08,Maintain optimal inventory,Low,Demand is accelerating. Prepare additional stock.,No immediate seasonal peaks expected.,93.53,Short-term moving averages indicate steady demand alignment.
4,20,Apparel,46.88,48.85,-4.03,Maintain optimal inventory,Low,Demand is accelerating. Prepare additional stock.,No immediate seasonal peaks expected.,93.53,Short-term moving averages indicate steady demand alignment.
4,21,Home Goods,41.82,41.38,1.07,Maintain optimal inventory,Low,Demand is accelerating. Prepare additional stock.,No immediate seasonal peaks expected.,93.53,Short-term moving averages indicate steady demand alignment.
4,22,Home Goods,81.55,82.69,-1.38,Maintain optimal inventory,Low,Demand is slowing. Avoid overstocking.,No immediate seasonal peaks expected.,93.53,Short-term moving averages indicate steady demand alignment.
4,23,Home Goods,29.53,29.99,-1.53,Maintain optimal inventory,Low,Demand is accelerating. Prepare additional stock.,No immediate seasonal peaks expected.,93.53,Short-term moving averages indicate steady demand alignment.
4,24,Home Goods,67.41,67.32,0.13,Maintain optimal inventory,Low,Demand is slowing. Avoid overstocking.,No immediate seasonal peaks expected.,93.53,Short-term moving averages indicate steady demand alignment.
4,25,Home Goods,80.96,83.21,-2.71,Maintain optimal inventory,Low,Demand is accelerating. Prepare additional stock.,No immediate seasonal peaks expected.,93.53,Short-term moving averages indicate steady demand alignment.
4,26,Home Goods,47.15,48.57,-2.93,Maintain optimal inventory,Low,Demand is slowing. Avoid overstocking.,No immediate seasonal peaks expected.,93.53,Short-term moving averages indicate steady demand alignment.
4,27,Home Goods,21.76,22.59,-3.67,Maintain optimal inventory,Low,Demand is accelerating. Prepare additional stock.,No immediate seasonal peaks expected.,93.53,Short-term moving averages indicate steady demand alignment.
4,28,Home Goods,87.33,90.51,-3.51,Maintain optimal inventory,Low,Demand is slowing. Avoid overstocking.,No immediate seasonal peaks expected.,93.53,Short-term moving averages indicate steady demand alignment.
4,29,Home Goods,70.8,71.41,-0.85,Maintain optimal inventory,Low,Demand is slowing. Avoid overstocking.,No immediate seasonal peaks expected.,93.53,Short-term moving averages indicate steady demand alignment.
4,30,Home Goods,41.04,41.5,-1.11,Maintain optimal inventory,Low,Demand is slowing. Avoid overstocking.,No immediate seasonal peaks expected.,93.53,Short-term moving averages indicate steady demand alignment.
4,31,Groceries,60.25,59.89,0.62,Maintain optimal inventory,Low,Demand is slowing. Avoid overstocking.,No immediate seasonal peaks expected.,93.53,Short-term moving averages indicate steady demand alignment.
4,32,Groceries,46.74,44.93,4.03,Maintain optimal inventory,Low,Demand is accelerating. Prepare additional stock.,No immediate seasonal peaks expected.,93.53,Short-term moving averages indicate steady demand alignment.
4,33,Groceries,68.99,71.66,-3.72,Maintain optimal inventory,Low,Demand is accelerating. Prepare additional stock.,No immediate seasonal peaks expected.,93.53,Short-term moving averages indicate steady demand alignment.
4,6,Electronics,56.41,59.91,-5.85,Reduce procurement volume,Medium,Demand is slowing. Avoid overstocking.,No immediate seasonal peaks expected.,98.53,rolling_mean_7 and rolling_mean_30 show a declining demand trend.
4,34,Groceries,26.76,26.31,1.72,Maintain optimal inventory,Low,Demand is slowing. Avoid overstocking.,No immediate seasonal peaks expected.,93.53,Short-term moving averages indicate steady demand alignment.
4,5,Electronics,18.74,19.15,-2.13,Maintain optimal inventory,Low,Demand is slowing. Avoid overstocking.,No immediate seasonal peaks expected.,93.53,Short-term moving averages indicate steady demand alignment.
4,3,Electronics,38.93,37.62,3.46,Maintain optimal inventory,Low,Demand is accelerating. Prepare additional stock.,No immediate seasonal peaks expected.,93.53,Short-term moving averages indicate steady demand alignment.
3,26,Home Goods,52.75,53.04,-0.56,Maintain optimal inventory,Low,Demand is slowing. Avoid overstocking.,No immediate seasonal peaks expected.,93.53,Short-term moving averages indicate steady demand alignment.
3,27,Home Goods,24.82,24.52,1.22,Maintain optimal inventory,Low,Demand is accelerating. Prepare additional stock.,No immediate seasonal peaks expected.,93.53,Short-term moving averages indicate steady demand alignment.
3,28,Home Goods,91.65,97.78,-6.27,Reduce procurement volume,Medium,Demand is accelerating. Prepare additional stock.,No immediate seasonal peaks expected.,83.53,Short-term moving averages indicate steady demand alignment.
3,29,Home Goods,78.5,77.71,1.02,Maintain optimal inventory,Low,Demand is accelerating. Prepare additional stock.,No immediate seasonal peaks expected.,93.53,Short-term moving averages indicate steady demand alignment.
3,30,Home Goods,47.14,44.78,5.27,Increase inventory levels,Medium,Demand is accelerating. Prepare additional stock.,No immediate seasonal peaks expected.,98.53,rolling_mean_7 and sales_lag_7 show strong upward demand trend.
3,31,Groceries,60.93,65.4,-6.83,Reduce procurement volume,Medium,Demand is slowing. Avoid overstocking.,No immediate seasonal peaks expected.,98.53,rolling_mean_7 and rolling_mean_30 show a declining demand trend.
3,32,Groceries,49.85,48.7,2.36,Maintain optimal inventory,Low,Demand is accelerating. Prepare additional stock.,No immediate seasonal peaks expected.,93.53,Short-term moving averages indicate steady demand alignment.
3,33,Groceries,75.94,77.25,-1.7,Maintain optimal inventory,Low,Demand is slowing. Avoid overstocking.,No immediate seasonal peaks expected.,93.53,Short-term moving averages indicate steady demand alignment.
3,34,Groceries,27.91,28.33,-1.47,Maintain optimal inventory,Low,Demand is slowing. Avoid overstocking.,No immediate seasonal peaks expected.,93.53,Short-term moving averages indicate steady demand alignment.
3,35,Groceries,71.44,73.03,-2.18,Maintain optimal inventory,Low,Demand is slowing. Avoid overstocking.,No immediate seasonal peaks expected.,93.53,Short-term moving averages indicate steady demand alignment.
3,36,Groceries,84.66,85.62,-1.11,Maintain optimal inventory,Low,Demand is slowing. Avoid overstocking.,No immediate seasonal peaks expected.,93.53,Short-term moving averages indicate steady demand alignment.
3,37,Groceries,30.19,32.68,-7.61,Reduce procurement volume,Medium,Demand is slowing. Avoid overstocking.,No immediate seasonal peaks expected.,98.53,rolling_mean_7 and rolling_mean_30 show a declining demand trend.
3,38,Groceries,85.53,89.64,-4.59,Maintain optimal inventory,Low,Demand is slowing. Avoid overstocking.,No immediate seasonal peaks expected.,93.53,Short-term moving averages indicate steady demand alignment.
3,39,Groceries,49.33,48.84,1.01,Maintain optimal inventory,Low,Demand is slowing. Avoid overstocking.,No immediate seasonal peaks expected.,93.53,Short-term moving averages indicate steady demand alignment.
3,40,Groceries,31.93,32.67,-2.25,Maintain optimal inventory,Low,Demand is accelerating. Prepare additional stock.,No immediate seasonal peaks expected.,93.53,Short-term moving averages indicate steady demand alignment.
3,41,Health & Beauty,22.92,24.35,-5.87,Reduce procurement volume,Medium,Demand is slowing. Avoid overstocking.,No immediate seasonal peaks expected.,98.53,rolling_mean_7 and rolling_mean_30 show a declining demand trend.
3,42,Health & Beauty,43.41,40.73,6.58,Increase inventory levels,Medium,Demand is accelerating. Prepare additional stock.,No immediate seasonal peaks expected.,98.53,rolling_mean_7 and sales_lag_7 show strong upward demand trend.
3,43,Health & Beauty,55.55,56.83,-2.25,Maintain optimal inventory,Low,Demand is slowing. Avoid overstocking.,No immediate seasonal peaks expected.,93.53,Short-term moving averages indicate steady demand alignment.
3,44,Health & Beauty,30.9,32.65,-5.38,Reduce procurement volume,Medium,Demand is accelerating. Prepare additional stock.,No immediate seasonal peaks expected.,83.53,Short-term moving averages indicate steady demand alignment.
3,45,Health & Beauty,89.39,89.53,-0.15,Maintain optimal inventory,Low,Demand is accelerating. Prepare additional stock.,No immediate seasonal peaks expected.,93.53,Short-term moving averages indicate steady demand alignment.
3,46,Health & Beauty,67.75,65.04,4.16,Maintain optimal inventory,Low,Demand is slowing. Avoid overstocking.,No immediate seasonal peaks expected.,93.53,Short-term moving averages indicate steady demand alignment.
3,47,Health & Beauty,23.98,24.5,-2.12,Maintain optimal inventory,Low,Demand is slowing. Avoid overstocking.,No immediate seasonal peaks expected.,93.53,Short-term moving averages indicate steady demand alignment.
3,48,Health & Beauty,58.77,57.43,2.33,Maintain optimal inventory,Low,Demand is accelerating. Prepare additional stock.,No immediate seasonal peaks expected.,93.53,Short-term moving averages indicate steady demand alignment.
3,49,Health & Beauty,33.81,32.45,4.19,Maintain optimal inventory,Low,Demand is accelerating. Prepare additional stock.,No immediate seasonal peaks expected.,93.53,Short-term moving averages indicate steady demand alignment.
3,50,Health & Beauty,71.43,73.26,-2.51,Maintain optimal inventory,Low,Demand is accelerating. Prepare additional stock.,No immediate seasonal peaks expected.,93.53,Short-term moving averages indicate steady demand alignment.
4,1,Electronics,22.94,22.43,2.24,Maintain optimal inventory,Low,Demand is accelerating. Prepare additional stock.,No immediate seasonal peaks expected.,93.53,Short-term moving averages indicate steady demand alignment.
4,2,Electronics,60.43,60.28,0.25,Maintain optimal inventory,Low,Demand is slowing. Avoid overstocking.,No immediate seasonal peaks expected.,93.53,Short-term moving averages indicate steady demand alignment.
4,4,Electronics,24.6,22.54,9.14,Increase inventory levels,Medium,Demand is accelerating. Prepare additional stock.,No immediate seasonal peaks expected.,98.53,rolling_mean_7 and sales_lag_7 show strong upward demand trend.
4,35,Groceries,66.03,67.18,-1.71,Maintain optimal inventory,Low,Demand is slowing. Avoid overstocking.,No immediate seasonal peaks expected.,93.53,Short-term moving averages indicate steady demand alignment.
4,36,Groceries,80.96,79.08,2.38,Maintain optimal inventory,Low,Demand is accelerating. Prepare additional stock.,No immediate seasonal peaks expected.,93.53,Short-term moving averages indicate steady demand alignment.
4,37,Groceries,28.73,29.99,-4.2,Maintain optimal inventory,Low,Demand is slowing. Avoid overstocking.,No immediate seasonal peaks expected.,93.53,Short-term moving averages indicate steady demand alignment.
5,20,Apparel,34.95,35.59,-1.79,Maintain optimal inventory,Low,Demand is slowing. Avoid overstocking.,No immediate seasonal peaks expected.,93.53,Short-term moving averages indicate steady demand alignment.
5,21,Home Goods,28.26,29.84,-5.29,Reduce procurement volume,Medium,Demand is slowing. Avoid overstocking.,No immediate seasonal peaks expected.,98.53,rolling_mean_7 and rolling_mean_30 show a declining demand trend.
5,22,Home Goods,61.21,59.95,2.11,Maintain optimal inventory,Low,Demand is slowing. Avoid overstocking.,No immediate seasonal peaks expected.,93.53,Short-term moving averages indicate steady demand alignment.
5,23,Home Goods,20.99,21.81,-3.79,Maintain optimal inventory,Low,Demand is slowing. Avoid overstocking.,No immediate seasonal peaks expected.,93.53,Short-term moving averages indicate steady demand alignment.
5,24,Home Goods,49.64,49.04,1.22,Maintain optimal inventory,Low,Demand is accelerating. Prepare additional stock.,No immediate seasonal peaks expected.,93.53,Short-term moving averages indicate steady demand alignment.
5,25,Home Goods,57.92,59.6,-2.82,Maintain optimal inventory,Low,Demand is accelerating. Prepare additional stock.,No immediate seasonal peaks expected.,93.53,Short-term moving averages indicate steady demand alignment.
5,26,Home Goods,31.89,35.53,-10.26,Reduce procurement volume,High,Demand is slowing. Avoid overstocking.,No immediate seasonal peaks expected.,98.53,rolling_mean_7 and rolling_mean_30 show a declining demand trend.
5,27,Home Goods,16.3,16.4,-0.57,Maintain optimal inventory,Low,Demand is accelerating. Prepare additional stock.,No immediate seasonal peaks expected.,93.53,Short-term moving averages indicate steady demand alignment.
5,28,Home Goods,67.06,65.41,2.52,Maintain optimal inventory,Low,Demand is accelerating. Prepare additional stock.,No immediate seasonal peaks expected.,93.53,Short-term moving averages indicate steady demand alignment.
5,29,Home Goods,50.24,51.53,-2.49,Maintain optimal inventory,Low,Demand is accelerating. Prepare additional stock.,No immediate seasonal peaks expected.,93.53,Short-term moving averages indicate steady demand alignment.
5,30,Home Goods,28.54,30.07,-5.09,Reduce procurement volume,Medium,Demand is slowing. Avoid overstocking.,No immediate seasonal peaks expected.,98.53,rolling_mean_7 and rolling_mean_30 show a declining demand trend.
5,31,Groceries,42.19,43.62,-3.28,Maintain optimal inventory,Low,Demand is slowing. Avoid overstocking.,No immediate seasonal peaks expected.,93.53,Short-term moving averages indicate steady demand alignment.
5,32,Groceries,31.2,32.39,-3.68,Maintain optimal inventory,Low,Demand is accelerating. Prepare additional stock.,No immediate seasonal peaks expected.,93.53,Short-term moving averages indicate steady demand alignment.
5,33,Groceries,46.37,51.97,-10.78,Reduce procurement volume,High,Demand is slowing. Avoid overstocking.,No immediate seasonal peaks expected.,98.53,rolling_mean_7 and rolling_mean_30 show a declining demand trend.
5,34,Groceries,17.83,19.21,-7.15,Reduce procurement volume,Medium,Demand is slowing. Avoid overstocking.,No immediate seasonal peaks expected.,98.53,rolling_mean_7 and rolling_mean_30 show a declining demand trend.
5,35,Groceries,50.15,48.85,2.66,Maintain optimal inventory,Low,Demand is accelerating. Prepare additional stock.,No immediate seasonal peaks expected.,93.53,Short-term moving averages indicate steady demand alignment.
5,36,Groceries,57.49,57.3,0.32,Maintain optimal inventory,Low,Demand is slowing. Avoid overstocking.,No immediate seasonal peaks expected.,93.53,Short-term moving averages indicate steady demand alignment.
5,37,Groceries,20.3,21.73,-6.59,Reduce procurement volume,Medium,Demand is accelerating. Prepare additional stock.,No immediate seasonal peaks expected.,83.53,Short-term moving averages indicate steady demand alignment.
5,38,Groceries,61.74,59.9,3.07,Maintain optimal inventory,Low,Demand is accelerating. Prepare additional stock.,No immediate seasonal peaks expected.,93.53,Short-term moving averages indicate steady demand alignment.
5,39,Groceries,31.06,32.43,-4.23,Maintain optimal inventory,Low,Demand is accelerating. Prepare additional stock.,No immediate seasonal peaks expected.,93.53,Short-term moving averages indicate steady demand alignment.
5,40,Groceries,19.82,21.57,-8.11,Reduce procurement volume,Medium,Demand is slowing. Avoid overstocking.,No immediate seasonal peaks expected.,98.53,rolling_mean_7 and rolling_mean_30 show a declining demand trend.
5,41,Health & Beauty,15.0,16.42,-8.68,Reduce procurement volume,Medium,Demand is slowing. Avoid overstocking.,No immediate seasonal peaks expected.,98.53,rolling_mean_7 and rolling_mean_30 show a declining demand trend.
5,42,Health & Beauty,28.04,27.07,3.57,Maintain optimal inventory,Low,Demand is slowing. Avoid overstocking.,No immediate seasonal peaks expected.,93.53,Short-term moving averages indicate steady demand alignment.
5,43,Health & Beauty,39.31,38.27,2.72,Maintain optimal inventory,Low,Demand is slowing. Avoid overstocking.,No immediate seasonal peaks expected.,93.53,Short-term moving averages indicate steady demand alignment.
5,44,Health & Beauty,20.39,21.99,-7.28,Reduce procurement volume,Medium,Demand is accelerating. Prepare additional stock.,No immediate seasonal peaks expected.,83.53,Short-term moving averages indicate steady demand alignment.
5,45,Health & Beauty,58.35,60.02,-2.78,Maintain optimal inventory,Low,Demand is slowing. Avoid overstocking.,No immediate seasonal peaks expected.,93.53,Short-term moving averages indicate steady demand alignment.
5,46,Health & Beauty,48.05,43.72,9.89,Increase inventory levels,Medium,Demand is accelerating. Prepare additional stock.,No immediate seasonal peaks expected.,98.53,rolling_mean_7 and sales_lag_7 show strong upward demand trend.
5,19,Apparel,29.46,29.92,-1.51,Maintain optimal inventory,Low,Demand is slowing. Avoid overstocking.,No immediate seasonal peaks expected.,93.53,Short-term moving averages indicate steady demand alignment.
5,18,Apparel,63.77,62.51,2.02,Maintain optimal inventory,Low,Demand is slowing. Avoid overstocking.,No immediate seasonal peaks expected.,93.53,Short-term moving averages indicate steady demand alignment.
5,17,Apparel,23.85,24.44,-2.4,Maintain optimal inventory,Low,Demand is slowing. Avoid overstocking.,No immediate seasonal peaks expected.,93.53,Short-term moving averages indicate steady demand alignment.
5,16,Apparel,17.14,18.94,-9.5,Reduce procurement volume,Medium,Demand is slowing. Avoid overstocking.,No immediate seasonal peaks expected.,98.53,rolling_mean_7 and rolling_mean_30 show a declining demand trend.
4,38,Groceries,82.35,82.54,-0.23,Maintain optimal inventory,Low,Demand is accelerating. Prepare additional stock.,No immediate seasonal peaks expected.,93.53,Short-term moving averages indicate steady demand alignment.
4,39,Groceries,46.71,45.01,3.79,Maintain optimal inventory,Low,Demand is accelerating. Prepare additional stock.,No immediate seasonal peaks expected.,93.53,Short-term moving averages indicate steady demand alignment.
4,40,Groceries,30.37,29.79,1.95,Maintain optimal inventory,Low,Demand is slowing. Avoid overstocking.,No immediate seasonal peaks expected.,93.53,Short-term moving averages indicate steady demand alignment.
4,41,Health & Beauty,23.95,22.62,5.89,Increase inventory levels,Medium,Demand is slowing. Avoid overstocking.,No immediate seasonal peaks expected.,83.53,Short-term moving averages indicate steady demand alignment.
4,42,Health & Beauty,34.33,37.61,-8.72,Reduce procurement volume,Medium,Demand is slowing. Avoid overstocking.,No immediate seasonal peaks expected.,98.53,rolling_mean_7 and rolling_mean_30 show a declining demand trend.
4,43,Health & Beauty,54.26,52.6,3.15,Maintain optimal inventory,Low,Demand is accelerating. Prepare additional stock.,No immediate seasonal peaks expected.,93.53,Short-term moving averages indicate steady demand alignment.
4,44,Health & Beauty,30.07,30.21,-0.48,Maintain optimal inventory,Low,Demand is slowing. Avoid overstocking.,No immediate seasonal peaks expected.,93.53,Short-term moving averages indicate steady demand alignment.
4,45,Health & Beauty,83.16,82.6,0.68,Maintain optimal inventory,Low,Demand is accelerating. Prepare additional stock.,No immediate seasonal peaks expected.,93.53,Short-term moving averages indicate steady demand alignment.
4,46,Health & Beauty,61.6,59.93,2.78,Maintain optimal inventory,Low,Demand is accelerating. Prepare additional stock.,No immediate seasonal peaks expected.,93.53,Short-term moving averages indicate steady demand alignment.
4,47,Health & Beauty,24.21,22.52,7.52,Increase inventory levels,Medium,Demand is accelerating. Prepare additional stock.,No immediate seasonal peaks expected.,98.53,rolling_mean_7 and sales_lag_7 show strong upward demand trend.
4,48,Health & Beauty,52.72,52.53,0.37,Maintain optimal inventory,Low,Demand is accelerating. Prepare additional stock.,No immediate seasonal peaks expected.,93.53,Short-term moving averages indicate steady demand alignment.
4,49,Health & Beauty,29.43,30.11,-2.26,Maintain optimal inventory,Low,Demand is slowing. Avoid overstocking.,No immediate seasonal peaks expected.,93.53,Short-term moving averages indicate steady demand alignment.
4,50,Health & Beauty,62.75,67.31,-6.77,Reduce procurement volume,Medium,Demand is slowing. Avoid overstocking.,No immediate seasonal peaks expected.,98.53,rolling_mean_7 and rolling_mean_30 show a declining demand trend.
3,25,Home Goods,91.35,89.64,1.91,Maintain optimal inventory,Low,Demand is slowing. Avoid overstocking.,No immediate seasonal peaks expected.,93.53,Short-term moving averages indicate steady demand alignment.
5,1,Electronics,16.08,16.3,-1.32,Maintain optimal inventory,Low,Demand is accelerating. Prepare additional stock.,No immediate seasonal peaks expected.,93.53,Short-term moving averages indicate steady demand alignment.
5,3,Electronics,27.42,27.19,0.87,Maintain optimal inventory,Low,Demand is slowing. Avoid overstocking.,No immediate seasonal peaks expected.,93.53,Short-term moving averages indicate steady demand alignment.
5,4,Electronics,14.92,16.47,-9.39,Reduce procurement volume,Medium,Demand is slowing. Avoid overstocking.,No immediate seasonal peaks expected.,98.53,rolling_mean_7 and rolling_mean_30 show a declining demand trend.
5,5,Electronics,13.56,13.7,-1.0,Maintain optimal inventory,Low,Demand is slowing. Avoid overstocking.,No immediate seasonal peaks expected.,93.53,Short-term moving averages indicate steady demand alignment.
5,6,Electronics,41.16,43.51,-5.41,Reduce procurement volume,Medium,Demand is slowing. Avoid overstocking.,No immediate seasonal peaks expected.,98.53,rolling_mean_7 and rolling_mean_30 show a declining demand trend.
5,7,Electronics,44.25,43.46,1.83,Maintain optimal inventory,Low,Demand is accelerating. Prepare additional stock.,No immediate seasonal peaks expected.,93.53,Short-term moving averages indicate steady demand alignment.
5,8,Electronics,56.18,57.08,-1.57,Maintain optimal inventory,Low,Demand is accelerating. Prepare additional stock.,No immediate seasonal peaks expected.,93.53,Short-term moving averages indicate steady demand alignment.
5,9,Electronics,37.23,37.94,-1.88,Maintain optimal inventory,Low,Demand is accelerating. Prepare additional stock.,No immediate seasonal peaks expected.,93.53,Short-term moving averages indicate steady demand alignment.
5,10,Electronics,56.09,54.08,3.7,Maintain optimal inventory,Low,Demand is accelerating. Prepare additional stock.,No immediate seasonal peaks expected.,93.53,Short-term moving averages indicate steady demand alignment.
5,11,Apparel,52.76,51.66,2.13,Maintain optimal inventory,Low,Demand is accelerating. Prepare additional stock.,No immediate seasonal peaks expected.,93.53,Short-term moving averages indicate steady demand alignment.
5,12,Apparel,49.79,51.87,-4.0,Maintain optimal inventory,Low,Demand is slowing. Avoid overstocking.,No immediate seasonal peaks expected.,93.53,Short-term moving averages indicate steady demand alignment.
5,13,Apparel,60.17,62.88,-4.31,Maintain optimal inventory,Low,Demand is slowing. Avoid overstocking.,No immediate seasonal peaks expected.,93.53,Short-term moving averages indicate steady demand alignment.
5,14,Apparel,46.14,43.94,5.01,Increase inventory levels,Medium,Demand is accelerating. Prepare additional stock.,No immediate seasonal peaks expected.,98.53,rolling_mean_7 and sales_lag_7 show strong upward demand trend.
5,15,Apparel,66.79,65.46,2.03,Maintain optimal inventory,Low,Demand is slowing. Avoid overstocking.,No immediate seasonal peaks expected.,93.53,Short-term moving averages indicate steady demand alignment.
5,2,Electronics,42.42,43.36,-2.16,Maintain optimal inventory,Low,Demand is slowing. Avoid overstocking.,No immediate seasonal peaks expected.,93.53,Short-term moving averages indicate steady demand alignment.
5,47,Health & Beauty,16.05,16.32,-1.67,Maintain optimal inventory,Low,Demand is slowing. Avoid overstocking.,No immediate seasonal peaks expected.,93.53,Short-term moving averages indicate steady demand alignment.
3,24,Home Goods,77.13,73.27,5.27,Increase inventory levels,Medium,Demand is accelerating. Prepare additional stock.,No immediate seasonal peaks expected.,98.53,rolling_mean_7 and sales_lag_7 show strong upward demand trend.
3,22,Home Goods,89.19,89.84,-0.73,Maintain optimal inventory,Low,Demand is slowing. Avoid overstocking.,No immediate seasonal peaks expected.,93.53,Short-term moving averages indicate steady demand alignment.
1,32,Groceries,39.25,38.85,1.01,Maintain optimal inventory,Low,Demand is slowing. Avoid overstocking.,No immediate seasonal peaks expected.,93.53,Short-term moving averages indicate steady demand alignment.
1,33,Groceries,61.33,61.18,0.23,Maintain optimal inventory,Low,Demand is slowing. Avoid overstocking.,No immediate seasonal peaks expected.,93.53,Short-term moving averages indicate steady demand alignment.
1,34,Groceries,23.02,22.72,1.34,Maintain optimal inventory,Low,Demand is slowing. Avoid overstocking.,No immediate seasonal peaks expected.,93.53,Short-term moving averages indicate steady demand alignment.
1,35,Groceries,58.16,58.03,0.22,Maintain optimal inventory,Low,Demand is accelerating. Prepare additional stock.,No immediate seasonal peaks expected.,93.53,Short-term moving averages indicate steady demand alignment.
1,36,Groceries,67.23,67.71,-0.71,Maintain optimal inventory,Low,Demand is slowing. Avoid overstocking.,No immediate seasonal peaks expected.,93.53,Short-term moving averages indicate steady demand alignment.
1,37,Groceries,23.17,25.81,-10.25,Reduce procurement volume,High,Demand is slowing. Avoid overstocking.,No immediate seasonal peaks expected.,98.53,rolling_mean_7 and rolling_mean_30 show a declining demand trend.
1,38,Groceries,68.07,71.45,-4.74,Maintain optimal inventory,Low,Demand is slowing. Avoid overstocking.,No immediate seasonal peaks expected.,93.53,Short-term moving averages indicate steady demand alignment.
1,39,Groceries,39.58,38.73,2.19,Maintain optimal inventory,Low,Demand is accelerating. Prepare additional stock.,No immediate seasonal peaks expected.,93.53,Short-term moving averages indicate steady demand alignment.
1,40,Groceries,24.24,25.79,-5.99,Reduce procurement volume,Medium,Demand is slowing. Avoid overstocking.,No immediate seasonal peaks expected.,98.53,rolling_mean_7 and rolling_mean_30 show a declining demand trend.
1,41,Health & Beauty,19.36,19.57,-1.04,Maintain optimal inventory,Low,Demand is slowing. Avoid overstocking.,No immediate seasonal peaks expected.,93.53,Short-term moving averages indicate steady demand alignment.
1,42,Health & Beauty,29.14,32.36,-9.96,Reduce procurement volume,Medium,Demand is slowing. Avoid overstocking.,No immediate seasonal peaks expected.,98.53,rolling_mean_7 and rolling_mean_30 show a declining demand trend.
1,43,Health & Beauty,44.51,45.14,-1.4,Maintain optimal inventory,Low,Demand is accelerating. Prepare additional stock.,No immediate seasonal peaks expected.,93.53,Short-term moving averages indicate steady demand alignment.
1,44,Health & Beauty,25.5,25.82,-1.22,Maintain optimal inventory,Low,Demand is accelerating. Prepare additional stock.,No immediate seasonal peaks expected.,93.53,Short-term moving averages indicate steady demand alignment.
1,45,Health & Beauty,71.95,71.11,1.18,Maintain optimal inventory,Low,Demand is accelerating. Prepare additional stock.,No immediate seasonal peaks expected.,93.53,Short-term moving averages indicate steady demand alignment.
1,46,Health & Beauty,51.42,51.52,-0.19,Maintain optimal inventory,Low,Demand is slowing. Avoid overstocking.,No immediate seasonal peaks expected.,93.53,Short-term moving averages indicate steady demand alignment.
1,47,Health & Beauty,18.76,19.26,-2.57,Maintain optimal inventory,Low,Demand is slowing. Avoid overstocking.,No immediate seasonal peaks expected.,93.53,Short-term moving averages indicate steady demand alignment.
1,48,Health & Beauty,46.14,45.39,1.66,Maintain optimal inventory,Low,Demand is accelerating. Prepare additional stock.,No immediate seasonal peaks expected.,93.53,Short-term moving averages indicate steady demand alignment.
1,49,Health & Beauty,26.38,25.84,2.12,Maintain optimal inventory,Low,Demand is accelerating. Prepare additional stock.,No immediate seasonal peaks expected.,93.53,Short-term moving averages indicate steady demand alignment.
1,50,Health & Beauty,57.47,57.95,-0.82,Maintain optimal inventory,Low,Demand is accelerating. Prepare additional stock.,No immediate seasonal peaks expected.,93.53,Short-term moving averages indicate steady demand alignment.
2,1,Electronics,25.61,27.51,-6.88,Reduce procurement volume,Medium,Demand is slowing. Avoid overstocking.,No immediate seasonal peaks expected.,98.53,rolling_mean_7 and rolling_mean_30 show a declining demand trend.
2,2,Electronics,72.05,73.65,-2.18,Maintain optimal inventory,Low,Demand is accelerating. Prepare additional stock.,No immediate seasonal peaks expected.,93.53,Short-term moving averages indicate steady demand alignment.
2,3,Electronics,46.56,45.78,1.72,Maintain optimal inventory,Low,Demand is slowing. Avoid overstocking.,No immediate seasonal peaks expected.,93.53,Short-term moving averages indicate steady demand alignment.
2,4,Electronics,28.48,27.54,3.41,Maintain optimal inventory,Low,Demand is accelerating. Prepare additional stock.,No immediate seasonal peaks expected.,93.53,Short-term moving averages indicate steady demand alignment.
2,5,Electronics,23.94,22.99,4.13,Maintain optimal inventory,Low,Demand is accelerating. Prepare additional stock.,No immediate seasonal peaks expected.,93.53,Short-term moving averages indicate steady demand alignment.
2,6,Electronics,70.23,73.23,-4.09,Maintain optimal inventory,Low,Demand is slowing. Avoid overstocking.,No immediate seasonal peaks expected.,93.53,Short-term moving averages indicate steady demand alignment.
2,7,Electronics,74.33,73.26,1.46,Maintain optimal inventory,Low,Demand is accelerating. Prepare additional stock.,No immediate seasonal peaks expected.,93.53,Short-term moving averages indicate steady demand alignment.
2,8,Electronics,91.13,96.84,-5.9,Reduce procurement volume,Medium,Demand is accelerating. Prepare additional stock.,No immediate seasonal peaks expected.,83.53,Short-term moving averages indicate steady demand alignment.
1,31,Groceries,52.21,51.78,0.83,Maintain optimal inventory,Low,Demand is accelerating. Prepare additional stock.,No immediate seasonal peaks expected.,93.53,Short-term moving averages indicate steady demand alignment.
2,9,Electronics,60.16,63.94,-5.91,Reduce procurement volume,Medium,Demand is slowing. Avoid overstocking.,No immediate seasonal peaks expected.,98.53,rolling_mean_7 and rolling_mean_30 show a declining demand trend.
1,30,Home Goods,33.82,35.28,-4.13,Maintain optimal inventory,Low,Demand is slowing. Avoid overstocking.,No immediate seasonal peaks expected.,93.53,Short-term moving averages indicate steady demand alignment.
1,28,Home Goods,74.47,77.61,-4.05,Maintain optimal inventory,Low,Demand is slowing. Avoid overstocking.,No immediate seasonal peaks expected.,93.53,Short-term moving averages indicate steady demand alignment.
1,1,Electronics,19.55,19.59,-0.21,Maintain optimal inventory,Low,Demand is accelerating. Prepare additional stock.,No immediate seasonal peaks expected.,93.53,Short-term moving averages indicate steady demand alignment.
1,2,Electronics,53.76,51.89,3.61,Maintain optimal inventory,Low,Demand is accelerating. Prepare additional stock.,No immediate seasonal peaks expected.,93.53,Short-term moving averages indicate steady demand alignment.
1,3,Electronics,30.11,32.44,-7.18,Reduce procurement volume,Medium,Demand is slowing. Avoid overstocking.,No immediate seasonal peaks expected.,98.53,rolling_mean_7 and rolling_mean_30 show a declining demand trend.
1,4,Electronics,18.85,19.57,-3.66,Maintain optimal inventory,Low,Demand is accelerating. Prepare additional stock.,No immediate seasonal peaks expected.,93.53,Short-term moving averages indicate steady demand alignment.
1,5,Electronics,15.78,16.25,-2.91,Maintain optimal inventory,Low,Demand is slowing. Avoid overstocking.,No immediate seasonal peaks expected.,93.53,Short-term moving averages indicate steady demand alignment.
1,6,Electronics,51.77,51.82,-0.09,Maintain optimal inventory,Low,Demand is slowing. Avoid overstocking.,No immediate seasonal peaks expected.,93.53,Short-term moving averages indicate steady demand alignment.
1,7,Electronics,51.7,51.6,0.2,Maintain optimal inventory,Low,Demand is accelerating. Prepare additional stock.,No immediate seasonal peaks expected.,93.53,Short-term moving averages indicate steady demand alignment.
1,8,Electronics,67.14,67.75,-0.91,Maintain optimal inventory,Low,Demand is slowing. Avoid overstocking.,No immediate seasonal peaks expected.,93.53,Short-term moving averages indicate steady demand alignment.
1,9,Electronics,44.03,45.53,-3.3,Maintain optimal inventory,Low,Demand is slowing. Avoid overstocking.,No immediate seasonal peaks expected.,93.53,Short-term moving averages indicate steady demand alignment.
1,10,Electronics,66.97,64.64,3.61,Maintain optimal inventory,Low,Demand is accelerating. Prepare additional stock.,No immediate seasonal peaks expected.,93.53,Short-term moving averages indicate steady demand alignment.
1,11,Apparel,61.2,61.66,-0.75,Maintain optimal inventory,Low,Demand is accelerating. Prepare additional stock.,No immediate seasonal peaks expected.,93.53,Short-term moving averages indicate steady demand alignment.
1,12,Apparel,61.47,61.59,-0.19,Maintain optimal inventory,Low,Demand is slowing. Avoid overstocking.,No immediate seasonal peaks expected.,93.53,Short-term moving averages indicate steady demand alignment.
1,13,Apparel,71.96,74.41,-3.3,Maintain optimal inventory,Low,Demand is slowing. Avoid overstocking.,No immediate seasonal peaks expected.,93.53,Short-term moving averages indicate steady demand alignment.
1,14,Apparel,52.51,51.91,1.15,Maintain optimal inventory,Low,Demand is accelerating. Prepare additional stock.,No immediate seasonal peaks expected.,93.53,Short-term moving averages indicate steady demand alignment.
1,15,Apparel,75.89,77.72,-2.35,Maintain optimal inventory,Low,Demand is accelerating. Prepare additional stock.,No immediate seasonal peaks expected.,93.53,Short-term moving averages indicate steady demand alignment.
1,16,Apparel,21.77,22.84,-4.68,Maintain optimal inventory,Low,Demand is slowing. Avoid overstocking.,No immediate seasonal peaks expected.,93.53,Short-term moving averages indicate steady demand alignment.
1,17,Apparel,27.91,29.36,-4.95,Maintain optimal inventory,Low,Demand is slowing. Avoid overstocking.,No immediate seasonal peaks expected.,93.53,Short-term moving averages indicate steady demand alignment.
1,18,Apparel,72.87,74.58,-2.29,Maintain optimal inventory,Low,Demand is slowing. Avoid overstocking.,No immediate seasonal peaks expected.,93.53,Short-term moving averages indicate steady demand alignment.
1,19,Apparel,36.05,35.75,0.85,Maintain optimal inventory,Low,Demand is slowing. Avoid overstocking.,No immediate seasonal peaks expected.,93.53,Short-term moving averages indicate steady demand alignment.
1,20,Apparel,44.78,41.82,7.09,Increase inventory levels,Medium,Demand is accelerating. Prepare additional stock.,No immediate seasonal peaks expected.,98.53,rolling_mean_7 and sales_lag_7 show strong upward demand trend.
1,21,Home Goods,34.8,35.27,-1.33,Maintain optimal inventory,Low,Demand is slowing. Avoid overstocking.,No immediate seasonal peaks expected.,93.53,Short-term moving averages indicate steady demand alignment.
1,22,Home Goods,69.86,71.11,-1.76,Maintain optimal inventory,Low,Demand is accelerating. Prepare additional stock.,No immediate seasonal peaks expected.,93.53,Short-term moving averages indicate steady demand alignment.
1,23,Home Goods,23.89,25.77,-7.32,Reduce procurement volume,Medium,Demand is slowing. Avoid overstocking.,No immediate seasonal peaks expected.,98.53,rolling_mean_7 and rolling_mean_30 show a declining demand trend.
1,24,Home Goods,54.92,58.69,-6.43,Reduce procurement volume,Medium,Demand is slowing. Avoid overstocking.,No immediate seasonal peaks expected.,98.53,rolling_mean_7 and rolling_mean_30 show a declining demand trend.
1,25,Home Goods,70.71,71.07,-0.5,Maintain optimal inventory,Low,Demand is slowing. Avoid overstocking.,No immediate seasonal peaks expected.,93.53,Short-term moving averages indicate steady demand alignment.
1,26,Home Goods,42.95,42.15,1.92,Maintain optimal inventory,Low,Demand is accelerating. Prepare additional stock.,No immediate seasonal peaks expected.,93.53,Short-term moving averages indicate steady demand alignment.
1,27,Home Goods,19.7,19.6,0.5,Maintain optimal inventory,Low,Demand is accelerating. Prepare additional stock.,No immediate seasonal peaks expected.,93.53,Short-term moving averages indicate steady demand alignment.
1,29,Home Goods,62.11,61.51,0.98,Maintain optimal inventory,Low,Demand is slowing. Avoid overstocking.,No immediate seasonal peaks expected.,93.53,Short-term moving averages indicate steady demand alignment.
2,10,Electronics,88.43,91.69,-3.55,Maintain optimal inventory,Low,Demand is slowing. Avoid overstocking.,No immediate seasonal peaks expected.,93.53,Short-term moving averages indicate steady demand alignment.
2,11,Apparel,86.39,86.9,-0.59,Maintain optimal inventory,Low,Demand is slowing. Avoid overstocking.,No immediate seasonal peaks expected.,93.53,Short-term moving averages indicate steady demand alignment.
2,12,Apparel,87.48,87.26,0.25,Maintain optimal inventory,Low,Demand is accelerating. Prepare additional stock.,No immediate seasonal peaks expected.,93.53,Short-term moving averages indicate steady demand alignment.
2,45,Health & Beauty,101.68,100.83,0.84,Maintain optimal inventory,Low,Demand is accelerating. Prepare additional stock.,No immediate seasonal peaks expected.,93.53,Short-term moving averages indicate steady demand alignment.
2,46,Health & Beauty,71.96,73.51,-2.11,Maintain optimal inventory,Low,Demand is slowing. Avoid overstocking.,No immediate seasonal peaks expected.,93.53,Short-term moving averages indicate steady demand alignment.
2,47,Health & Beauty,29.86,27.62,8.12,Increase inventory levels,Medium,Demand is accelerating. Prepare additional stock.,No immediate seasonal peaks expected.,98.53,rolling_mean_7 and sales_lag_7 show strong upward demand trend.
2,48,Health & Beauty,61.3,64.45,-4.9,Maintain optimal inventory,Low,Demand is slowing. Avoid overstocking.,No immediate seasonal peaks expected.,93.53,Short-term moving averages indicate steady demand alignment.
2,49,Health & Beauty,35.36,36.89,-4.13,Maintain optimal inventory,Low,Demand is accelerating. Prepare additional stock.,No immediate seasonal peaks expected.,93.53,Short-term moving averages indicate steady demand alignment.
2,50,Health & Beauty,79.37,82.69,-4.01,Maintain optimal inventory,Low,Demand is accelerating. Prepare additional stock.,No immediate seasonal peaks expected.,93.53,Short-term moving averages indicate steady demand alignment.
3,1,Electronics,24.1,24.38,-1.17,Maintain optimal inventory,Low,Demand is slowing. Avoid overstocking.,No immediate seasonal peaks expected.,93.53,Short-term moving averages indicate steady demand alignment.
3,2,Electronics,65.8,65.28,0.79,Maintain optimal inventory,Low,Demand is accelerating. Prepare additional stock.,No immediate seasonal peaks expected.,93.53,Short-term moving averages indicate steady demand alignment.
3,3,Electronics,40.92,40.72,0.49,Maintain optimal inventory,Low,Demand is slowing. Avoid overstocking.,No immediate seasonal peaks expected.,93.53,Short-term moving averages indicate steady demand alignment.
3,4,Electronics,23.81,24.53,-2.91,Maintain optimal inventory,Low,Demand is slowing. Avoid overstocking.,No immediate seasonal peaks expected.,93.53,Short-term moving averages indicate steady demand alignment.
3,5,Electronics,22.06,20.29,8.71,Increase inventory levels,Medium,Demand is slowing. Avoid overstocking.,No immediate seasonal peaks expected.,83.53,Short-term moving averages indicate steady demand alignment.
3,6,Electronics,63.37,65.6,-3.39,Maintain optimal inventory,Low,Demand is slowing. Avoid overstocking.,No immediate seasonal peaks expected.,93.53,Short-term moving averages indicate steady demand alignment.
3,7,Electronics,64.11,65.01,-1.38,Maintain optimal inventory,Low,Demand is accelerating. Prepare additional stock.,No immediate seasonal peaks expected.,93.53,Short-term moving averages indicate steady demand alignment.
3,8,Electronics,81.83,85.45,-4.24,Maintain optimal inventory,Low,Demand is slowing. Avoid overstocking.,No immediate seasonal peaks expected.,93.53,Short-term moving averages indicate steady demand alignment.
3,9,Electronics,58.77,57.29,2.58,Maintain optimal inventory,Low,Demand is accelerating. Prepare additional stock.,No immediate seasonal peaks expected.,93.53,Short-term moving averages indicate steady demand alignment.
3,10,Electronics,74.58,81.35,-8.32,Reduce procurement volume,Medium,Demand is slowing. Avoid overstocking.,No immediate seasonal peaks expected.,98.53,rolling_mean_7 and rolling_mean_30 show a declining demand trend.
3,11,Apparel,81.73,77.34,5.68,Increase inventory levels,Medium,Demand is accelerating. Prepare additional stock.,No immediate seasonal peaks expected.,98.53,rolling_mean_7 and sales_lag_7 show strong upward demand trend.
3,12,Apparel,78.03,77.23,1.04,Maintain optimal inventory,Low,Demand is accelerating. Prepare additional stock.,No immediate seasonal peaks expected.,93.53,Short-term moving averages indicate steady demand alignment.
3,13,Apparel,98.22,93.81,4.7,Maintain optimal inventory,Low,Demand is accelerating. Prepare additional stock.,No immediate seasonal peaks expected.,93.53,Short-term moving averages indicate steady demand alignment.
3,14,Apparel,65.28,65.18,0.16,Maintain optimal inventory,Low,Demand is slowing. Avoid overstocking.,No immediate seasonal peaks expected.,93.53,Short-term moving averages indicate steady demand alignment.
3,15,Apparel,93.41,97.87,-4.55,Maintain optimal inventory,Low,Demand is slowing. Avoid overstocking.,No immediate seasonal peaks expected.,93.53,Short-term moving averages indicate steady demand alignment.
3,16,Apparel,27.32,28.42,-3.84,Maintain optimal inventory,Low,Demand is accelerating. Prepare additional stock.,No immediate seasonal peaks expected.,93.53,Short-term moving averages indicate steady demand alignment.
3,17,Apparel,36.73,36.89,-0.43,Maintain optimal inventory,Low,Demand is accelerating. Prepare additional stock.,No immediate seasonal peaks expected.,93.53,Short-term moving averages indicate steady demand alignment.
3,18,Apparel,93.46,93.98,-0.55,Maintain optimal inventory,Low,Demand is accelerating. Prepare additional stock.,No immediate seasonal peaks expected.,93.53,Short-term moving averages indicate steady demand alignment.
3,19,Apparel,41.02,44.75,-8.35,Reduce procurement volume,Medium,Demand is slowing. Avoid overstocking.,No immediate seasonal peaks expected.,98.53,rolling_mean_7 and rolling_mean_30 show a declining demand trend.
3,20,Apparel,53.66,52.88,1.48,Maintain optimal inventory,Low,Demand is slowing. Avoid overstocking.,No immediate seasonal peaks expected.,93.53,Short-term moving averages indicate steady demand alignment.
3,21,Home Goods,45.73,44.78,2.11,Maintain optimal inventory,Low,Demand is slowing. Avoid overstocking.,No immediate seasonal peaks expected.,93.53,Short-term moving averages indicate steady demand alignment.
2,44,Health & Beauty,38.45,36.91,4.18,Maintain optimal inventory,Low,Demand is slowing. Avoid overstocking.,No immediate seasonal peaks expected.,93.53,Short-term moving averages indicate steady demand alignment.
2,43,Health & Beauty,64.33,64.28,0.09,Maintain optimal inventory,Low,Demand is slowing. Avoid overstocking.,No immediate seasonal peaks expected.,93.53,Short-term moving averages indicate steady demand alignment.
2,42,Health & Beauty,47.6,46.31,2.8,Maintain optimal inventory,Low,Demand is slowing. Avoid overstocking.,No immediate seasonal peaks expected.,93.53,Short-term moving averages indicate steady demand alignment.
2,41,Health & Beauty,25.47,27.28,-6.63,Reduce procurement volume,Medium,Demand is slowing. Avoid overstocking.,No immediate seasonal peaks expected.,98.53,rolling_mean_7 and rolling_mean_30 show a declining demand trend.
2,13,Apparel,99.07,105.38,-5.99,Reduce procurement volume,Medium,Demand is accelerating. Prepare additional stock.,No immediate seasonal peaks expected.,83.53,Short-term moving averages indicate steady demand alignment.
2,14,Apparel,71.26,73.51,-3.05,Maintain optimal inventory,Low,Demand is slowing. Avoid overstocking.,No immediate seasonal peaks expected.,93.53,Short-term moving averages indicate steady demand alignment.
2,15,Apparel,108.55,109.97,-1.29,Maintain optimal inventory,Low,Demand is accelerating. Prepare additional stock.,No immediate seasonal peaks expected.,93.53,Short-term moving averages indicate steady demand alignment.
2,16,Apparel,29.56,32.17,-8.13,Reduce procurement volume,Medium,Demand is slowing. Avoid overstocking.,No immediate seasonal peaks expected.,98.53,rolling_mean_7 and rolling_mean_30 show a declining demand trend.
2,17,Apparel,38.52,41.67,-7.55,Reduce procurement volume,Medium,Demand is slowing. Avoid overstocking.,No immediate seasonal peaks expected.,98.53,rolling_mean_7 and rolling_mean_30 show a declining demand trend.
2,18,Apparel,98.57,105.27,-6.36,Reduce procurement volume,Medium,Demand is slowing. Avoid overstocking.,No immediate seasonal peaks expected.,98.53,rolling_mean_7 and rolling_mean_30 show a declining demand trend.
2,19,Apparel,48.8,50.61,-3.58,Maintain optimal inventory,Low,Demand is slowing. Avoid overstocking.,No immediate seasonal peaks expected.,93.53,Short-term moving averages indicate steady demand alignment.
2,20,Apparel,58.62,59.55,-1.56,Maintain optimal inventory,Low,Demand is accelerating. Prepare additional stock.,No immediate seasonal peaks expected.,93.53,Short-term moving averages indicate steady demand alignment.
2,21,Home Goods,51.83,50.56,2.51,Maintain optimal inventory,Low,Demand is slowing. Avoid overstocking.,No immediate seasonal peaks expected.,93.53,Short-term moving averages indicate steady demand alignment.
2,22,Home Goods,91.79,100.75,-8.89,Reduce procurement volume,Medium,Demand is slowing. Avoid overstocking.,No immediate seasonal peaks expected.,98.53,rolling_mean_7 and rolling_mean_30 show a declining demand trend.
2,23,Home Goods,37.75,36.64,3.03,Maintain optimal inventory,Low,Demand is accelerating. Prepare additional stock.,No immediate seasonal peaks expected.,93.53,Short-term moving averages indicate steady demand alignment.
2,24,Home Goods,78.08,82.65,-5.52,Reduce procurement volume,Medium,Demand is slowing. Avoid overstocking.,No immediate seasonal peaks expected.,98.53,rolling_mean_7 and rolling_mean_30 show a declining demand trend.
2,25,Home Goods,95.53,101.14,-5.54,Reduce procurement volume,Medium,Demand is accelerating. Prepare additional stock.,No immediate seasonal peaks expected.,83.53,Short-term moving averages indicate steady demand alignment.
3,23,Home Goods,32.57,32.58,-0.04,Maintain optimal inventory,Low,Demand is accelerating. Prepare additional stock.,No immediate seasonal peaks expected.,93.53,Short-term moving averages indicate steady demand alignment.
2,26,Home Goods,59.1,59.47,-0.63,Maintain optimal inventory,Low,Demand is slowing. Avoid overstocking.,No immediate seasonal peaks expected.,93.53,Short-term moving averages indicate steady demand alignment.
2,28,Home Goods,99.52,110.08,-9.6,Reduce procurement volume,Medium,Demand is accelerating. Prepare additional stock.,No immediate seasonal peaks expected.,83.53,Short-term moving averages indicate steady demand alignment.
2,29,Home Goods,85.63,86.81,-1.35,Maintain optimal inventory,Low,Demand is slowing. Avoid overstocking.,No immediate seasonal peaks expected.,93.53,Short-term moving averages indicate steady demand alignment.
2,30,Home Goods,50.07,50.6,-1.06,Maintain optimal inventory,Low,Demand is accelerating. Prepare additional stock.,No immediate seasonal peaks expected.,93.53,Short-term moving averages indicate steady demand alignment.
2,31,Groceries,73.65,73.62,0.04,Maintain optimal inventory,Low,Demand is accelerating. Prepare additional stock.,No immediate seasonal peaks expected.,93.53,Short-term moving averages indicate steady demand alignment.
2,32,Groceries,57.3,55.33,3.56,Maintain optimal inventory,Low,Demand is accelerating. Prepare additional stock.,No immediate seasonal peaks expected.,93.53,Short-term moving averages indicate steady demand alignment.
2,33,Groceries,83.81,87.39,-4.11,Maintain optimal inventory,Low,Demand is slowing. Avoid overstocking.,No immediate seasonal peaks expected.,93.53,Short-term moving averages indicate steady demand alignment.
2,34,Groceries,33.11,32.27,2.61,Maintain optimal inventory,Low,Demand is slowing. Avoid overstocking.,No immediate seasonal peaks expected.,93.53,Short-term moving averages indicate steady demand alignment.
2,35,Groceries,79.53,82.49,-3.59,Maintain optimal inventory,Low,Demand is slowing. Avoid overstocking.,No immediate seasonal peaks expected.,93.53,Short-term moving averages indicate steady demand alignment.
2,36,Groceries,93.91,96.42,-2.61,Maintain optimal inventory,Low,Demand is accelerating. Prepare additional stock.,No immediate seasonal peaks expected.,93.53,Short-term moving averages indicate steady demand alignment.
2,37,Groceries,36.03,36.46,-1.19,Maintain optimal inventory,Low,Demand is slowing. Avoid overstocking.,No immediate seasonal peaks expected.,93.53,Short-term moving averages indicate steady demand alignment.
2,38,Groceries,95.03,100.7,-5.63,Reduce procurement volume,Medium,Demand is accelerating. Prepare additional stock.,No immediate seasonal peaks expected.,83.53,Short-term moving averages indicate steady demand alignment.
2,39,Groceries,53.85,55.05,-2.18,Maintain optimal inventory,Low,Demand is accelerating. Prepare additional stock.,No immediate seasonal peaks expected.,93.53,Short-term moving averages indicate steady demand alignment.
2,40,Groceries,36.35,36.69,-0.94,Maintain optimal inventory,Low,Demand is accelerating. Prepare additional stock.,No immediate seasonal peaks expected.,93.53,Short-term moving averages indicate steady demand alignment.
2,27,Home Goods,27.79,27.65,0.48,Maintain optimal inventory,Low,Demand is slowing. Avoid overstocking.,No immediate seasonal peaks expected.,93.53,Short-term moving averages indicate steady demand alignment.
10,49,Health & Beauty,29.35,32.36,-9.31,Reduce procurement volume,Medium,Demand is accelerating. Prepare additional stock.,No immediate seasonal peaks expected.,83.53,Short-term moving averages indicate steady demand alignment.
5,48,Health & Beauty,39.75,38.33,3.69,Maintain optimal inventory,Low,Demand is accelerating. Prepare additional stock.,No immediate seasonal peaks expected.,93.53,Short-term moving averages indicate steady demand alignment.
6,1,Electronics,14.85,16.41,-9.5,Reduce procurement volume,Medium,Demand is slowing. Avoid overstocking.,No immediate seasonal peaks expected.,98.53,rolling_mean_7 and rolling_mean_30 show a declining demand trend.
9,8,Electronics,76.76,79.34,-3.25,Maintain optimal inventory,Low,Demand is slowing. Avoid overstocking.,No immediate seasonal peaks expected.,93.53,Short-term moving averages indicate steady demand alignment.
9,9,Electronics,52.39,52.84,-0.85,Maintain optimal inventory,Low,Demand is accelerating. Prepare additional stock.,No immediate seasonal peaks expected.,93.53,Short-term moving averages indicate steady demand alignment.
9,10,Electronics,72.85,75.04,-2.93,Maintain optimal inventory,Low,Demand is slowing. Avoid overstocking.,No immediate seasonal peaks expected.,93.53,Short-term moving averages indicate steady demand alignment.
9,11,Apparel,75.73,71.39,6.08,Increase inventory levels,Medium,Demand is slowing. Avoid overstocking.,No immediate seasonal peaks expected.,83.53,Short-term moving averages indicate steady demand alignment.
9,12,Apparel,69.52,71.65,-2.97,Maintain optimal inventory,Low,Demand is accelerating. Prepare additional stock.,No immediate seasonal peaks expected.,93.53,Short-term moving averages indicate steady demand alignment.
9,13,Apparel,85.08,86.26,-1.38,Maintain optimal inventory,Low,Demand is slowing. Avoid overstocking.,No immediate seasonal peaks expected.,93.53,Short-term moving averages indicate steady demand alignment.
9,14,Apparel,56.52,59.97,-5.75,Reduce procurement volume,Medium,Demand is slowing. Avoid overstocking.,No immediate seasonal peaks expected.,98.53,rolling_mean_7 and rolling_mean_30 show a declining demand trend.
9,15,Apparel,87.24,91.02,-4.16,Maintain optimal inventory,Low,Demand is slowing. Avoid overstocking.,No immediate seasonal peaks expected.,93.53,Short-term moving averages indicate steady demand alignment.
9,16,Apparel,26.66,26.3,1.37,Maintain optimal inventory,Low,Demand is slowing. Avoid overstocking.,No immediate seasonal peaks expected.,93.53,Short-term moving averages indicate steady demand alignment.
9,17,Apparel,32.19,33.92,-5.11,Reduce procurement volume,Medium,Demand is accelerating. Prepare additional stock.,No immediate seasonal peaks expected.,83.53,Short-term moving averages indicate steady demand alignment.
9,18,Apparel,84.87,86.38,-1.74,Maintain optimal inventory,Low,Demand is slowing. Avoid overstocking.,No immediate seasonal peaks expected.,93.53,Short-term moving averages indicate steady demand alignment.
9,19,Apparel,44.18,41.51,6.44,Increase inventory levels,Medium,Demand is accelerating. Prepare additional stock.,No immediate seasonal peaks expected.,98.53,rolling_mean_7 and sales_lag_7 show strong upward demand trend.
9,20,Apparel,49.56,48.83,1.5,Maintain optimal inventory,Low,Demand is accelerating. Prepare additional stock.,No immediate seasonal peaks expected.,93.53,Short-term moving averages indicate steady demand alignment.
9,21,Home Goods,41.25,41.52,-0.64,Maintain optimal inventory,Low,Demand is slowing. Avoid overstocking.,No immediate seasonal peaks expected.,93.53,Short-term moving averages indicate steady demand alignment.
9,22,Home Goods,84.52,82.75,2.13,Maintain optimal inventory,Low,Demand is accelerating. Prepare additional stock.,No immediate seasonal peaks expected.,93.53,Short-term moving averages indicate steady demand alignment.
9,23,Home Goods,31.52,30.21,4.33,Maintain optimal inventory,Low,Demand is accelerating. Prepare additional stock.,No immediate seasonal peaks expected.,93.53,Short-term moving averages indicate steady demand alignment.
9,24,Home Goods,67.86,67.98,-0.18,Maintain optimal inventory,Low,Demand is accelerating. Prepare additional stock.,No immediate seasonal peaks expected.,93.53,Short-term moving averages indicate steady demand alignment.
9,25,Home Goods,81.53,83.16,-1.95,Maintain optimal inventory,Low,Demand is slowing. Avoid overstocking.,No immediate seasonal peaks expected.,93.53,Short-term moving averages indicate steady demand alignment.
9,26,Home Goods,45.98,49.17,-6.47,Reduce procurement volume,Medium,Demand is slowing. Avoid overstocking.,No immediate seasonal peaks expected.,98.53,rolling_mean_7 and rolling_mean_30 show a declining demand trend.
9,27,Home Goods,23.74,22.88,3.76,Maintain optimal inventory,Low,Demand is accelerating. Prepare additional stock.,No immediate seasonal peaks expected.,93.53,Short-term moving averages indicate steady demand alignment.
9,28,Home Goods,87.85,90.59,-3.02,Maintain optimal inventory,Low,Demand is accelerating. Prepare additional stock.,No immediate seasonal peaks expected.,93.53,Short-term moving averages indicate steady demand alignment.
9,29,Home Goods,74.09,71.11,4.19,Maintain optimal inventory,Low,Demand is accelerating. Prepare additional stock.,No immediate seasonal peaks expected.,93.53,Short-term moving averages indicate steady demand alignment.
9,30,Home Goods,41.28,41.49,-0.5,Maintain optimal inventory,Low,Demand is slowing. Avoid overstocking.,No immediate seasonal peaks expected.,93.53,Short-term moving averages indicate steady demand alignment.
9,31,Groceries,59.96,60.16,-0.32,Maintain optimal inventory,Low,Demand is slowing. Avoid overstocking.,No immediate seasonal peaks expected.,93.53,Short-term moving averages indicate steady demand alignment.
9,32,Groceries,46.31,45.24,2.37,Maintain optimal inventory,Low,Demand is accelerating. Prepare additional stock.,No immediate seasonal peaks expected.,93.53,Short-term moving averages indicate steady demand alignment.
9,33,Groceries,68.56,71.41,-3.98,Maintain optimal inventory,Low,Demand is slowing. Avoid overstocking.,No immediate seasonal peaks expected.,93.53,Short-term moving averages indicate steady demand alignment.
9,34,Groceries,25.31,26.44,-4.24,Maintain optimal inventory,Low,Demand is slowing. Avoid overstocking.,No immediate seasonal peaks expected.,93.53,Short-term moving averages indicate steady demand alignment.
9,7,Electronics,60.95,60.4,0.9,Maintain optimal inventory,Low,Demand is accelerating. Prepare additional stock.,No immediate seasonal peaks expected.,93.53,Short-term moving averages indicate steady demand alignment.
9,35,Groceries,69.8,67.97,2.69,Maintain optimal inventory,Low,Demand is accelerating. Prepare additional stock.,No immediate seasonal peaks expected.,93.53,Short-term moving averages indicate steady demand alignment.
9,6,Electronics,57.7,59.97,-3.79,Maintain optimal inventory,Low,Demand is slowing. Avoid overstocking.,No immediate seasonal peaks expected.,93.53,Short-term moving averages indicate steady demand alignment.
9,4,Electronics,22.63,22.62,0.03,Maintain optimal inventory,Low,Demand is accelerating. Prepare additional stock.,No immediate seasonal peaks expected.,93.53,Short-term moving averages indicate steady demand alignment.
8,27,Home Goods,24.76,26.45,-6.39,Reduce procurement volume,Medium,Demand is slowing. Avoid overstocking.,No immediate seasonal peaks expected.,98.53,rolling_mean_7 and rolling_mean_30 show a declining demand trend.
8,28,Home Goods,102.45,105.07,-2.49,Maintain optimal inventory,Low,Demand is slowing. Avoid overstocking.,No immediate seasonal peaks expected.,93.53,Short-term moving averages indicate steady demand alignment.
8,29,Home Goods,83.65,83.13,0.64,Maintain optimal inventory,Low,Demand is slowing. Avoid overstocking.,No immediate seasonal peaks expected.,93.53,Short-term moving averages indicate steady demand alignment.
8,30,Home Goods,46.59,48.06,-3.06,Maintain optimal inventory,Low,Demand is accelerating. Prepare additional stock.,No immediate seasonal peaks expected.,93.53,Short-term moving averages indicate steady demand alignment.
8,31,Groceries,70.83,70.34,0.7,Maintain optimal inventory,Low,Demand is accelerating. Prepare additional stock.,No immediate seasonal peaks expected.,93.53,Short-term moving averages indicate steady demand alignment.
8,32,Groceries,49.41,52.7,-6.25,Reduce procurement volume,Medium,Demand is slowing. Avoid overstocking.,No immediate seasonal peaks expected.,98.53,rolling_mean_7 and rolling_mean_30 show a declining demand trend.
8,33,Groceries,77.86,83.1,-6.31,Reduce procurement volume,Medium,Demand is slowing. Avoid overstocking.,No immediate seasonal peaks expected.,98.53,rolling_mean_7 and rolling_mean_30 show a declining demand trend.
8,34,Groceries,30.88,31.0,-0.4,Maintain optimal inventory,Low,Demand is slowing. Avoid overstocking.,No immediate seasonal peaks expected.,93.53,Short-term moving averages indicate steady demand alignment.
8,35,Groceries,76.66,79.08,-3.06,Maintain optimal inventory,Low,Demand is accelerating. Prepare additional stock.,No immediate seasonal peaks expected.,93.53,Short-term moving averages indicate steady demand alignment.
8,36,Groceries,93.25,91.92,1.45,Maintain optimal inventory,Low,Demand is accelerating. Prepare additional stock.,No immediate seasonal peaks expected.,93.53,Short-term moving averages indicate steady demand alignment.
8,37,Groceries,34.94,35.11,-0.5,Maintain optimal inventory,Low,Demand is slowing. Avoid overstocking.,No immediate seasonal peaks expected.,93.53,Short-term moving averages indicate steady demand alignment.
8,38,Groceries,93.38,96.66,-3.4,Maintain optimal inventory,Low,Demand is slowing. Avoid overstocking.,No immediate seasonal peaks expected.,93.53,Short-term moving averages indicate steady demand alignment.
8,39,Groceries,55.29,52.37,5.58,Increase inventory levels,Medium,Demand is accelerating. Prepare additional stock.,No immediate seasonal peaks expected.,98.53,rolling_mean_7 and sales_lag_7 show strong upward demand trend.
8,40,Groceries,33.6,35.14,-4.38,Maintain optimal inventory,Low,Demand is slowing. Avoid overstocking.,No immediate seasonal peaks expected.,93.53,Short-term moving averages indicate steady demand alignment.
8,41,Health & Beauty,26.85,26.33,1.99,Maintain optimal inventory,Low,Demand is accelerating. Prepare additional stock.,No immediate seasonal peaks expected.,93.53,Short-term moving averages indicate steady demand alignment.
8,42,Health & Beauty,44.69,44.17,1.17,Maintain optimal inventory,Low,Demand is slowing. Avoid overstocking.,No immediate seasonal peaks expected.,93.53,Short-term moving averages indicate steady demand alignment.
8,43,Health & Beauty,58.89,61.45,-4.17,Maintain optimal inventory,Low,Demand is slowing. Avoid overstocking.,No immediate seasonal peaks expected.,93.53,Short-term moving averages indicate steady demand alignment.
8,44,Health & Beauty,34.87,35.38,-1.44,Maintain optimal inventory,Low,Demand is slowing. Avoid overstocking.,No immediate seasonal peaks expected.,93.53,Short-term moving averages indicate steady demand alignment.
8,45,Health & Beauty,91.69,96.78,-5.26,Reduce procurement volume,Medium,Demand is accelerating. Prepare additional stock.,No immediate seasonal peaks expected.,83.53,Short-term moving averages indicate steady demand alignment.
8,46,Health & Beauty,70.39,70.35,0.06,Maintain optimal inventory,Low,Demand is accelerating. Prepare additional stock.,No immediate seasonal peaks expected.,93.53,Short-term moving averages indicate steady demand alignment.
8,47,Health & Beauty,26.23,26.49,-0.97,Maintain optimal inventory,Low,Demand is accelerating. Prepare additional stock.,No immediate seasonal peaks expected.,93.53,Short-term moving averages indicate steady demand alignment.
8,48,Health & Beauty,61.64,61.09,0.91,Maintain optimal inventory,Low,Demand is accelerating. Prepare additional stock.,No immediate seasonal peaks expected.,93.53,Short-term moving averages indicate steady demand alignment.
8,49,Health & Beauty,32.9,35.17,-6.45,Reduce procurement volume,Medium,Demand is slowing. Avoid overstocking.,No immediate seasonal peaks expected.,98.53,rolling_mean_7 and rolling_mean_30 show a declining demand trend.
8,50,Health & Beauty,77.71,79.05,-1.69,Maintain optimal inventory,Low,Demand is slowing. Avoid overstocking.,No immediate seasonal peaks expected.,93.53,Short-term moving averages indicate steady demand alignment.
9,1,Electronics,21.53,22.73,-5.28,Reduce procurement volume,Medium,Demand is accelerating. Prepare additional stock.,No immediate seasonal peaks expected.,83.53,Short-term moving averages indicate steady demand alignment.
9,2,Electronics,60.64,60.4,0.4,Maintain optimal inventory,Low,Demand is accelerating. Prepare additional stock.,No immediate seasonal peaks expected.,93.53,Short-term moving averages indicate steady demand alignment.
9,3,Electronics,36.84,37.68,-2.23,Maintain optimal inventory,Low,Demand is slowing. Avoid overstocking.,No immediate seasonal peaks expected.,93.53,Short-term moving averages indicate steady demand alignment.
9,5,Electronics,19.66,18.76,4.79,Maintain optimal inventory,Low,Demand is accelerating. Prepare additional stock.,No immediate seasonal peaks expected.,93.53,Short-term moving averages indicate steady demand alignment.
9,36,Groceries,77.1,79.66,-3.22,Maintain optimal inventory,Low,Demand is slowing. Avoid overstocking.,No immediate seasonal peaks expected.,93.53,Short-term moving averages indicate steady demand alignment.
9,37,Groceries,30.97,29.99,3.26,Maintain optimal inventory,Low,Demand is accelerating. Prepare additional stock.,No immediate seasonal peaks expected.,93.53,Short-term moving averages indicate steady demand alignment.
9,38,Groceries,80.96,82.49,-1.85,Maintain optimal inventory,Low,Demand is accelerating. Prepare additional stock.,No immediate seasonal peaks expected.,93.53,Short-term moving averages indicate steady demand alignment.
10,21,Home Goods,44.68,44.0,1.53,Maintain optimal inventory,Low,Demand is slowing. Avoid overstocking.,No immediate seasonal peaks expected.,93.53,Short-term moving averages indicate steady demand alignment.
10,22,Home Goods,90.35,88.54,2.04,Maintain optimal inventory,Low,Demand is slowing. Avoid overstocking.,No immediate seasonal peaks expected.,93.53,Short-term moving averages indicate steady demand alignment.
10,23,Home Goods,32.31,32.27,0.11,Maintain optimal inventory,Low,Demand is slowing. Avoid overstocking.,No immediate seasonal peaks expected.,93.53,Short-term moving averages indicate steady demand alignment.
10,24,Home Goods,73.72,72.76,1.33,Maintain optimal inventory,Low,Demand is accelerating. Prepare additional stock.,No immediate seasonal peaks expected.,93.53,Short-term moving averages indicate steady demand alignment.
10,25,Home Goods,85.02,88.5,-3.93,Maintain optimal inventory,Low,Demand is slowing. Avoid overstocking.,No immediate seasonal peaks expected.,93.53,Short-term moving averages indicate steady demand alignment.
10,26,Home Goods,48.29,52.34,-7.73,Reduce procurement volume,Medium,Demand is accelerating. Prepare additional stock.,No immediate seasonal peaks expected.,83.53,Short-term moving averages indicate steady demand alignment.
10,27,Home Goods,24.54,24.14,1.67,Maintain optimal inventory,Low,Demand is slowing. Avoid overstocking.,No immediate seasonal peaks expected.,93.53,Short-term moving averages indicate steady demand alignment.
10,28,Home Goods,96.25,96.41,-0.16,Maintain optimal inventory,Low,Demand is accelerating. Prepare additional stock.,No immediate seasonal peaks expected.,93.53,Short-term moving averages indicate steady demand alignment.
10,29,Home Goods,75.55,76.49,-1.22,Maintain optimal inventory,Low,Demand is slowing. Avoid overstocking.,No immediate seasonal peaks expected.,93.53,Short-term moving averages indicate steady demand alignment.
10,30,Home Goods,44.85,44.53,0.72,Maintain optimal inventory,Low,Demand is slowing. Avoid overstocking.,No immediate seasonal peaks expected.,93.53,Short-term moving averages indicate steady demand alignment.
10,31,Groceries,63.77,64.57,-1.23,Maintain optimal inventory,Low,Demand is accelerating. Prepare additional stock.,No immediate seasonal peaks expected.,93.53,Short-term moving averages indicate steady demand alignment.
10,32,Groceries,47.37,48.17,-1.66,Maintain optimal inventory,Low,Demand is accelerating. Prepare additional stock.,No immediate seasonal peaks expected.,93.53,Short-term moving averages indicate steady demand alignment.
10,33,Groceries,72.68,76.42,-4.89,Maintain optimal inventory,Low,Demand is accelerating. Prepare additional stock.,No immediate seasonal peaks expected.,93.53,Short-term moving averages indicate steady demand alignment.
10,34,Groceries,25.65,28.17,-8.95,Reduce procurement volume,Medium,Demand is accelerating. Prepare additional stock.,No immediate seasonal peaks expected.,83.53,Short-term moving averages indicate steady demand alignment.
10,35,Groceries,69.15,71.88,-3.8,Maintain optimal inventory,Low,Demand is slowing. Avoid overstocking.,No immediate seasonal peaks expected.,93.53,Short-term moving averages indicate steady demand alignment.
10,36,Groceries,82.0,84.76,-3.26,Maintain optimal inventory,Low,Demand is accelerating. Prepare additional stock.,No immediate seasonal peaks expected.,93.53,Short-term moving averages indicate steady demand alignment.
10,37,Groceries,32.03,32.04,-0.02,Maintain optimal inventory,Low,Demand is accelerating. Prepare additional stock.,No immediate seasonal peaks expected.,93.53,Short-term moving averages indicate steady demand alignment.
10,38,Groceries,89.3,88.04,1.43,Maintain optimal inventory,Low,Demand is slowing. Avoid overstocking.,No immediate seasonal peaks expected.,93.53,Short-term moving averages indicate steady demand alignment.
10,39,Groceries,47.28,48.22,-1.94,Maintain optimal inventory,Low,Demand is slowing. Avoid overstocking.,No immediate seasonal peaks expected.,93.53,Short-term moving averages indicate steady demand alignment.
10,40,Groceries,31.85,32.22,-1.13,Maintain optimal inventory,Low,Demand is slowing. Avoid overstocking.,No immediate seasonal peaks expected.,93.53,Short-term moving averages indicate steady demand alignment.
10,41,Health & Beauty,23.65,24.13,-1.98,Maintain optimal inventory,Low,Demand is slowing. Avoid overstocking.,No immediate seasonal peaks expected.,93.53,Short-term moving averages indicate steady demand alignment.
10,42,Health & Beauty,40.79,40.25,1.34,Maintain optimal inventory,Low,Demand is slowing. Avoid overstocking.,No immediate seasonal peaks expected.,93.53,Short-term moving averages indicate steady demand alignment.
10,43,Health & Beauty,57.21,56.47,1.32,Maintain optimal inventory,Low,Demand is slowing. Avoid overstocking.,No immediate seasonal peaks expected.,93.53,Short-term moving averages indicate steady demand alignment.
10,44,Health & Beauty,30.09,32.11,-6.31,Reduce procurement volume,Medium,Demand is slowing. Avoid overstocking.,No immediate seasonal peaks expected.,98.53,rolling_mean_7 and rolling_mean_30 show a declining demand trend.
10,45,Health & Beauty,87.07,88.32,-1.41,Maintain optimal inventory,Low,Demand is slowing. Avoid overstocking.,No immediate seasonal peaks expected.,93.53,Short-term moving averages indicate steady demand alignment.
10,46,Health & Beauty,63.3,64.58,-1.98,Maintain optimal inventory,Low,Demand is accelerating. Prepare additional stock.,No immediate seasonal peaks expected.,93.53,Short-term moving averages indicate steady demand alignment.
10,47,Health & Beauty,22.64,24.1,-6.02,Reduce procurement volume,Medium,Demand is slowing. Avoid overstocking.,No immediate seasonal peaks expected.,98.53,rolling_mean_7 and rolling_mean_30 show a declining demand trend.
10,20,Apparel,52.37,51.88,0.94,Maintain optimal inventory,Low,Demand is accelerating. Prepare additional stock.,No immediate seasonal peaks expected.,93.53,Short-term moving averages indicate steady demand alignment.
10,19,Apparel,40.75,44.33,-8.07,Reduce procurement volume,Medium,Demand is slowing. Avoid overstocking.,No immediate seasonal peaks expected.,98.53,rolling_mean_7 and rolling_mean_30 show a declining demand trend.
10,18,Apparel,88.8,92.6,-4.1,Maintain optimal inventory,Low,Demand is slowing. Avoid overstocking.,No immediate seasonal peaks expected.,93.53,Short-term moving averages indicate steady demand alignment.
10,17,Apparel,37.32,36.2,3.11,Maintain optimal inventory,Low,Demand is accelerating. Prepare additional stock.,No immediate seasonal peaks expected.,93.53,Short-term moving averages indicate steady demand alignment.
9,39,Groceries,42.51,45.09,-5.72,Reduce procurement volume,Medium,Demand is slowing. Avoid overstocking.,No immediate seasonal peaks expected.,98.53,rolling_mean_7 and rolling_mean_30 show a declining demand trend.
9,40,Groceries,31.18,29.98,4.03,Maintain optimal inventory,Low,Demand is accelerating. Prepare additional stock.,No immediate seasonal peaks expected.,93.53,Short-term moving averages indicate steady demand alignment.
9,41,Health & Beauty,20.84,22.58,-7.71,Reduce procurement volume,Medium,Demand is slowing. Avoid overstocking.,No immediate seasonal peaks expected.,98.53,rolling_mean_7 and rolling_mean_30 show a declining demand trend.
9,42,Health & Beauty,34.15,37.89,-9.87,Reduce procurement volume,Medium,Demand is slowing. Avoid overstocking.,No immediate seasonal peaks expected.,98.53,rolling_mean_7 and rolling_mean_30 show a declining demand trend.
9,43,Health & Beauty,54.03,52.85,2.23,Maintain optimal inventory,Low,Demand is slowing. Avoid overstocking.,No immediate seasonal peaks expected.,93.53,Short-term moving averages indicate steady demand alignment.
9,44,Health & Beauty,29.23,30.28,-3.47,Maintain optimal inventory,Low,Demand is slowing. Avoid overstocking.,No immediate seasonal peaks expected.,93.53,Short-term moving averages indicate steady demand alignment.
9,45,Health & Beauty,84.77,82.95,2.19,Maintain optimal inventory,Low,Demand is slowing. Avoid overstocking.,No immediate seasonal peaks expected.,93.53,Short-term moving averages indicate steady demand alignment.
9,46,Health & Beauty,57.91,60.67,-4.55,Maintain optimal inventory,Low,Demand is slowing. Avoid overstocking.,No immediate seasonal peaks expected.,93.53,Short-term moving averages indicate steady demand alignment.
9,47,Health & Beauty,23.13,22.4,3.26,Maintain optimal inventory,Low,Demand is accelerating. Prepare additional stock.,No immediate seasonal peaks expected.,93.53,Short-term moving averages indicate steady demand alignment.
9,48,Health & Beauty,53.63,52.72,1.72,Maintain optimal inventory,Low,Demand is slowing. Avoid overstocking.,No immediate seasonal peaks expected.,93.53,Short-term moving averages indicate steady demand alignment.
9,49,Health & Beauty,29.76,30.21,-1.49,Maintain optimal inventory,Low,Demand is slowing. Avoid overstocking.,No immediate seasonal peaks expected.,93.53,Short-term moving averages indicate steady demand alignment.
9,50,Health & Beauty,65.86,67.84,-2.92,Maintain optimal inventory,Low,Demand is slowing. Avoid overstocking.,No immediate seasonal peaks expected.,93.53,Short-term moving averages indicate steady demand alignment.
10,1,Electronics,22.31,24.2,-7.82,Reduce procurement volume,Medium,Demand is slowing. Avoid overstocking.,No immediate seasonal peaks expected.,98.53,rolling_mean_7 and rolling_mean_30 show a declining demand trend.
8,26,Home Goods,56.71,57.22,-0.9,Maintain optimal inventory,Low,Demand is slowing. Avoid overstocking.,No immediate seasonal peaks expected.,93.53,Short-term moving averages indicate steady demand alignment.
10,2,Electronics,60.18,63.91,-5.83,Reduce procurement volume,Medium,Demand is slowing. Avoid overstocking.,No immediate seasonal peaks expected.,98.53,rolling_mean_7 and rolling_mean_30 show a declining demand trend.
10,4,Electronics,22.94,24.19,-5.18,Reduce procurement volume,Medium,Demand is accelerating. Prepare additional stock.,No immediate seasonal peaks expected.,83.53,Short-term moving averages indicate steady demand alignment.
10,5,Electronics,19.98,20.12,-0.68,Maintain optimal inventory,Low,Demand is slowing. Avoid overstocking.,No immediate seasonal peaks expected.,93.53,Short-term moving averages indicate steady demand alignment.
10,6,Electronics,65.6,64.0,2.49,Maintain optimal inventory,Low,Demand is slowing. Avoid overstocking.,No immediate seasonal peaks expected.,93.53,Short-term moving averages indicate steady demand alignment.
10,7,Electronics,60.61,64.36,-5.83,Reduce procurement volume,Medium,Demand is slowing. Avoid overstocking.,No immediate seasonal peaks expected.,98.53,rolling_mean_7 and rolling_mean_30 show a declining demand trend.
10,8,Electronics,78.19,84.06,-6.98,Reduce procurement volume,Medium,Demand is slowing. Avoid overstocking.,No immediate seasonal peaks expected.,98.53,rolling_mean_7 and rolling_mean_30 show a declining demand trend.
10,9,Electronics,54.53,56.6,-3.65,Maintain optimal inventory,Low,Demand is accelerating. Prepare additional stock.,No immediate seasonal peaks expected.,93.53,Short-term moving averages indicate steady demand alignment.
10,10,Electronics,78.55,80.21,-2.07,Maintain optimal inventory,Low,Demand is accelerating. Prepare additional stock.,No immediate seasonal peaks expected.,93.53,Short-term moving averages indicate steady demand alignment.
10,11,Apparel,80.83,76.36,5.86,Increase inventory levels,Medium,Demand is accelerating. Prepare additional stock.,No immediate seasonal peaks expected.,98.53,rolling_mean_7 and sales_lag_7 show strong upward demand trend.
10,12,Apparel,75.5,76.09,-0.78,Maintain optimal inventory,Low,Demand is slowing. Avoid overstocking.,No immediate seasonal peaks expected.,93.53,Short-term moving averages indicate steady demand alignment.
10,13,Apparel,91.14,92.44,-1.41,Maintain optimal inventory,Low,Demand is slowing. Avoid overstocking.,No immediate seasonal peaks expected.,93.53,Short-term moving averages indicate steady demand alignment.
10,14,Apparel,65.1,64.46,1.0,Maintain optimal inventory,Low,Demand is slowing. Avoid overstocking.,No immediate seasonal peaks expected.,93.53,Short-term moving averages indicate steady demand alignment.
10,15,Apparel,93.85,96.73,-2.97,Maintain optimal inventory,Low,Demand is slowing. Avoid overstocking.,No immediate seasonal peaks expected.,93.53,Short-term moving averages indicate steady demand alignment.
10,16,Apparel,26.36,28.02,-5.9,Reduce procurement volume,Medium,Demand is accelerating. Prepare additional stock.,No immediate seasonal peaks expected.,83.53,Short-term moving averages indicate steady demand alignment.
10,3,Electronics,38.86,40.14,-3.18,Maintain optimal inventory,Low,Demand is accelerating. Prepare additional stock.,No immediate seasonal peaks expected.,93.53,Short-term moving averages indicate steady demand alignment.
5,49,Health & Beauty,19.91,21.76,-8.51,Reduce procurement volume,Medium,Demand is slowing. Avoid overstocking.,No immediate seasonal peaks expected.,98.53,rolling_mean_7 and rolling_mean_30 show a declining demand trend.
8,25,Home Goods,91.22,96.94,-5.9,Reduce procurement volume,Medium,Demand is accelerating. Prepare additional stock.,No immediate seasonal peaks expected.,83.53,Short-term moving averages indicate steady demand alignment.
8,23,Home Goods,33.53,35.1,-4.49,Maintain optimal inventory,Low,Demand is slowing. Avoid overstocking.,No immediate seasonal peaks expected.,93.53,Short-term moving averages indicate steady demand alignment.
6,33,Groceries,52.9,51.34,3.05,Maintain optimal inventory,Low,Demand is accelerating. Prepare additional stock.,No immediate seasonal peaks expected.,93.53,Short-term moving averages indicate steady demand alignment.
6,34,Groceries,19.28,19.2,0.41,Maintain optimal inventory,Low,Demand is accelerating. Prepare additional stock.,No immediate seasonal peaks expected.,93.53,Short-term moving averages indicate steady demand alignment.
6,35,Groceries,48.38,48.87,-1.01,Maintain optimal inventory,Low,Demand is accelerating. Prepare additional stock.,No immediate seasonal peaks expected.,93.53,Short-term moving averages indicate steady demand alignment.
6,36,Groceries,57.34,57.47,-0.22,Maintain optimal inventory,Low,Demand is accelerating. Prepare additional stock.,No immediate seasonal peaks expected.,93.53,Short-term moving averages indicate steady demand alignment.
6,37,Groceries,22.78,21.95,3.82,Maintain optimal inventory,Low,Demand is slowing. Avoid overstocking.,No immediate seasonal peaks expected.,93.53,Short-term moving averages indicate steady demand alignment.
6,38,Groceries,57.47,59.92,-4.08,Maintain optimal inventory,Low,Demand is accelerating. Prepare additional stock.,No immediate seasonal peaks expected.,93.53,Short-term moving averages indicate steady demand alignment.
6,39,Groceries,31.84,32.64,-2.46,Maintain optimal inventory,Low,Demand is slowing. Avoid overstocking.,No immediate seasonal peaks expected.,93.53,Short-term moving averages indicate steady demand alignment.
6,40,Groceries,23.79,21.5,10.68,Increase inventory levels,High,Demand is accelerating. Prepare additional stock.,No immediate seasonal peaks expected.,98.53,rolling_mean_7 and sales_lag_7 show strong upward demand trend.
6,41,Health & Beauty,15.63,16.28,-3.99,Maintain optimal inventory,Low,Demand is accelerating. Prepare additional stock.,No immediate seasonal peaks expected.,93.53,Short-term moving averages indicate steady demand alignment.
6,42,Health & Beauty,25.17,27.31,-7.85,Reduce procurement volume,Medium,Demand is slowing. Avoid overstocking.,No immediate seasonal peaks expected.,98.53,rolling_mean_7 and rolling_mean_30 show a declining demand trend.
6,43,Health & Beauty,38.11,38.0,0.28,Maintain optimal inventory,Low,Demand is accelerating. Prepare additional stock.,No immediate seasonal peaks expected.,93.53,Short-term moving averages indicate steady demand alignment.
6,44,Health & Beauty,21.27,21.81,-2.48,Maintain optimal inventory,Low,Demand is accelerating. Prepare additional stock.,No immediate seasonal peaks expected.,93.53,Short-term moving averages indicate steady demand alignment.
6,45,Health & Beauty,56.13,59.61,-5.84,Reduce procurement volume,Medium,Demand is slowing. Avoid overstocking.,No immediate seasonal peaks expected.,98.53,rolling_mean_7 and rolling_mean_30 show a declining demand trend.
6,46,Health & Beauty,45.31,43.6,3.92,Maintain optimal inventory,Low,Demand is accelerating. Prepare additional stock.,No immediate seasonal peaks expected.,93.53,Short-term moving averages indicate steady demand alignment.
6,47,Health & Beauty,16.86,16.32,3.28,Maintain optimal inventory,Low,Demand is slowing. Avoid overstocking.,No immediate seasonal peaks expected.,93.53,Short-term moving averages indicate steady demand alignment.
6,48,Health & Beauty,38.26,38.06,0.54,Maintain optimal inventory,Low,Demand is slowing. Avoid overstocking.,No immediate seasonal peaks expected.,93.53,Short-term moving averages indicate steady demand alignment.
6,49,Health & Beauty,20.59,21.65,-4.89,Maintain optimal inventory,Low,Demand is slowing. Avoid overstocking.,No immediate seasonal peaks expected.,93.53,Short-term moving averages indicate steady demand alignment.
6,50,Health & Beauty,49.65,49.36,0.57,Maintain optimal inventory,Low,Demand is accelerating. Prepare additional stock.,No immediate seasonal peaks expected.,93.53,Short-term moving averages indicate steady demand alignment.
7,1,Electronics,14.53,14.78,-1.72,Maintain optimal inventory,Low,Demand is accelerating. Prepare additional stock.,No immediate seasonal peaks expected.,93.53,Short-term moving averages indicate steady demand alignment.
7,2,Electronics,37.53,39.79,-5.68,Reduce procurement volume,Medium,Demand is slowing. Avoid overstocking.,No immediate seasonal peaks expected.,98.53,rolling_mean_7 and rolling_mean_30 show a declining demand trend.
7,3,Electronics,23.35,24.86,-6.06,Reduce procurement volume,Medium,Demand is slowing. Avoid overstocking.,No immediate seasonal peaks expected.,98.53,rolling_mean_7 and rolling_mean_30 show a declining demand trend.
7,4,Electronics,13.58,15.08,-9.94,Reduce procurement volume,Medium,Demand is accelerating. Prepare additional stock.,No immediate seasonal peaks expected.,83.53,Short-term moving averages indicate steady demand alignment.
7,5,Electronics,12.33,12.42,-0.7,Maintain optimal inventory,Low,Demand is slowing. Avoid overstocking.,No immediate seasonal peaks expected.,93.53,Short-term moving averages indicate steady demand alignment.
7,6,Electronics,39.1,39.73,-1.6,Maintain optimal inventory,Low,Demand is slowing. Avoid overstocking.,No immediate seasonal peaks expected.,93.53,Short-term moving averages indicate steady demand alignment.
7,7,Electronics,41.66,39.69,4.96,Maintain optimal inventory,Low,Demand is accelerating. Prepare additional stock.,No immediate seasonal peaks expected.,93.53,Short-term moving averages indicate steady demand alignment.
7,8,Electronics,52.41,52.44,-0.05,Maintain optimal inventory,Low,Demand is accelerating. Prepare additional stock.,No immediate seasonal peaks expected.,93.53,Short-term moving averages indicate steady demand alignment.
7,9,Electronics,32.05,35.0,-8.43,Reduce procurement volume,Medium,Demand is slowing. Avoid overstocking.,No immediate seasonal peaks expected.,98.53,rolling_mean_7 and rolling_mean_30 show a declining demand trend.
6,32,Groceries,32.51,32.63,-0.37,Maintain optimal inventory,Low,Demand is accelerating. Prepare additional stock.,No immediate seasonal peaks expected.,93.53,Short-term moving averages indicate steady demand alignment.
7,10,Electronics,48.1,49.83,-3.47,Maintain optimal inventory,Low,Demand is accelerating. Prepare additional stock.,No immediate seasonal peaks expected.,93.53,Short-term moving averages indicate steady demand alignment.
6,31,Groceries,40.82,43.48,-6.12,Reduce procurement volume,Medium,Demand is slowing. Avoid overstocking.,No immediate seasonal peaks expected.,98.53,rolling_mean_7 and rolling_mean_30 show a declining demand trend.
6,29,Home Goods,47.94,52.18,-8.12,Reduce procurement volume,Medium,Demand is slowing. Avoid overstocking.,No immediate seasonal peaks expected.,98.53,rolling_mean_7 and rolling_mean_30 show a declining demand trend.
6,2,Electronics,44.25,43.28,2.23,Maintain optimal inventory,Low,Demand is accelerating. Prepare additional stock.,No immediate seasonal peaks expected.,93.53,Short-term moving averages indicate steady demand alignment.
6,3,Electronics,27.06,27.13,-0.25,Maintain optimal inventory,Low,Demand is accelerating. Prepare additional stock.,No immediate seasonal peaks expected.,93.53,Short-term moving averages indicate steady demand alignment.
6,4,Electronics,14.86,16.37,-9.21,Reduce procurement volume,Medium,Demand is slowing. Avoid overstocking.,No immediate seasonal peaks expected.,98.53,rolling_mean_7 and rolling_mean_30 show a declining demand trend.
6,5,Electronics,12.79,13.56,-5.67,Reduce procurement volume,Medium,Demand is slowing. Avoid overstocking.,No immediate seasonal peaks expected.,98.53,rolling_mean_7 and rolling_mean_30 show a declining demand trend.
6,6,Electronics,41.76,43.4,-3.79,Maintain optimal inventory,Low,Demand is slowing. Avoid overstocking.,No immediate seasonal peaks expected.,93.53,Short-term moving averages indicate steady demand alignment.
6,7,Electronics,41.12,43.67,-5.85,Reduce procurement volume,Medium,Demand is slowing. Avoid overstocking.,No immediate seasonal peaks expected.,98.53,rolling_mean_7 and rolling_mean_30 show a declining demand trend.
6,8,Electronics,57.15,56.95,0.34,Maintain optimal inventory,Low,Demand is accelerating. Prepare additional stock.,No immediate seasonal peaks expected.,93.53,Short-term moving averages indicate steady demand alignment.
6,9,Electronics,39.64,38.49,2.98,Maintain optimal inventory,Low,Demand is accelerating. Prepare additional stock.,No immediate seasonal peaks expected.,93.53,Short-term moving averages indicate steady demand alignment.
6,10,Electronics,53.21,54.25,-1.92,Maintain optimal inventory,Low,Demand is slowing. Avoid overstocking.,No immediate seasonal peaks expected.,93.53,Short-term moving averages indicate steady demand alignment.
6,11,Apparel,51.36,51.82,-0.88,Maintain optimal inventory,Low,Demand is slowing. Avoid overstocking.,No immediate seasonal peaks expected.,93.53,Short-term moving averages indicate steady demand alignment.
6,12,Apparel,52.73,51.66,2.08,Maintain optimal inventory,Low,Demand is accelerating. Prepare additional stock.,No immediate seasonal peaks expected.,93.53,Short-term moving averages indicate steady demand alignment.
6,13,Apparel,62.74,62.67,0.12,Maintain optimal inventory,Low,Demand is accelerating. Prepare additional stock.,No immediate seasonal peaks expected.,93.53,Short-term moving averages indicate steady demand alignment.
6,14,Apparel,46.56,43.42,7.23,Increase inventory levels,Medium,Demand is accelerating. Prepare additional stock.,No immediate seasonal peaks expected.,98.53,rolling_mean_7 and sales_lag_7 show strong upward demand trend.
6,15,Apparel,60.51,65.09,-7.04,Reduce procurement volume,Medium,Demand is slowing. Avoid overstocking.,No immediate seasonal peaks expected.,98.53,rolling_mean_7 and rolling_mean_30 show a declining demand trend.
6,16,Apparel,17.97,19.19,-6.35,Reduce procurement volume,Medium,Demand is accelerating. Prepare additional stock.,No immediate seasonal peaks expected.,83.53,Short-term moving averages indicate steady demand alignment.
6,17,Apparel,25.36,24.5,3.54,Maintain optimal inventory,Low,Demand is accelerating. Prepare additional stock.,No immediate seasonal peaks expected.,93.53,Short-term moving averages indicate steady demand alignment.
6,18,Apparel,63.4,62.06,2.16,Maintain optimal inventory,Low,Demand is accelerating. Prepare additional stock.,No immediate seasonal peaks expected.,93.53,Short-term moving averages indicate steady demand alignment.
6,19,Apparel,30.56,29.76,2.69,Maintain optimal inventory,Low,Demand is slowing. Avoid overstocking.,No immediate seasonal peaks expected.,93.53,Short-term moving averages indicate steady demand alignment.
6,20,Apparel,36.16,35.36,2.26,Maintain optimal inventory,Low,Demand is slowing. Avoid overstocking.,No immediate seasonal peaks expected.,93.53,Short-term moving averages indicate steady demand alignment.
6,21,Home Goods,28.15,30.13,-6.57,Reduce procurement volume,Medium,Demand is slowing. Avoid overstocking.,No immediate seasonal peaks expected.,98.53,rolling_mean_7 and rolling_mean_30 show a declining demand trend.
6,22,Home Goods,55.06,59.62,-7.65,Reduce procurement volume,Medium,Demand is slowing. Avoid overstocking.,No immediate seasonal peaks expected.,98.53,rolling_mean_7 and rolling_mean_30 show a declining demand trend.
6,23,Home Goods,21.34,21.71,-1.71,Maintain optimal inventory,Low,Demand is slowing. Avoid overstocking.,No immediate seasonal peaks expected.,93.53,Short-term moving averages indicate steady demand alignment.
6,24,Home Goods,45.87,49.33,-7.02,Reduce procurement volume,Medium,Demand is slowing. Avoid overstocking.,No immediate seasonal peaks expected.,98.53,rolling_mean_7 and rolling_mean_30 show a declining demand trend.
6,25,Home Goods,60.5,59.89,1.01,Maintain optimal inventory,Low,Demand is accelerating. Prepare additional stock.,No immediate seasonal peaks expected.,93.53,Short-term moving averages indicate steady demand alignment.
6,26,Home Goods,33.87,35.23,-3.88,Maintain optimal inventory,Low,Demand is slowing. Avoid overstocking.,No immediate seasonal peaks expected.,93.53,Short-term moving averages indicate steady demand alignment.
6,27,Home Goods,16.83,16.37,2.79,Maintain optimal inventory,Low,Demand is accelerating. Prepare additional stock.,No immediate seasonal peaks expected.,93.53,Short-term moving averages indicate steady demand alignment.
6,28,Home Goods,64.16,64.85,-1.07,Maintain optimal inventory,Low,Demand is slowing. Avoid overstocking.,No immediate seasonal peaks expected.,93.53,Short-term moving averages indicate steady demand alignment.
6,30,Home Goods,29.55,30.07,-1.72,Maintain optimal inventory,Low,Demand is slowing. Avoid overstocking.,No immediate seasonal peaks expected.,93.53,Short-term moving averages indicate steady demand alignment.
7,11,Apparel,50.5,47.18,7.05,Increase inventory levels,Medium,Demand is accelerating. Prepare additional stock.,No immediate seasonal peaks expected.,98.53,rolling_mean_7 and sales_lag_7 show strong upward demand trend.
7,12,Apparel,47.41,47.37,0.1,Maintain optimal inventory,Low,Demand is slowing. Avoid overstocking.,No immediate seasonal peaks expected.,93.53,Short-term moving averages indicate steady demand alignment.
7,13,Apparel,60.09,57.06,5.3,Increase inventory levels,Medium,Demand is accelerating. Prepare additional stock.,No immediate seasonal peaks expected.,98.53,rolling_mean_7 and sales_lag_7 show strong upward demand trend.
7,46,Health & Beauty,39.48,39.82,-0.84,Maintain optimal inventory,Low,Demand is slowing. Avoid overstocking.,No immediate seasonal peaks expected.,93.53,Short-term moving averages indicate steady demand alignment.
7,47,Health & Beauty,13.91,15.07,-7.73,Reduce procurement volume,Medium,Demand is slowing. Avoid overstocking.,No immediate seasonal peaks expected.,98.53,rolling_mean_7 and rolling_mean_30 show a declining demand trend.
7,48,Health & Beauty,35.49,34.71,2.23,Maintain optimal inventory,Low,Demand is slowing. Avoid overstocking.,No immediate seasonal peaks expected.,93.53,Short-term moving averages indicate steady demand alignment.
7,49,Health & Beauty,19.68,19.9,-1.11,Maintain optimal inventory,Low,Demand is slowing. Avoid overstocking.,No immediate seasonal peaks expected.,93.53,Short-term moving averages indicate steady demand alignment.
7,50,Health & Beauty,41.62,44.81,-7.11,Reduce procurement volume,Medium,Demand is slowing. Avoid overstocking.,No immediate seasonal peaks expected.,98.53,rolling_mean_7 and rolling_mean_30 show a declining demand trend.
8,1,Electronics,26.15,26.39,-0.93,Maintain optimal inventory,Low,Demand is slowing. Avoid overstocking.,No immediate seasonal peaks expected.,93.53,Short-term moving averages indicate steady demand alignment.
8,2,Electronics,71.97,69.9,2.96,Maintain optimal inventory,Low,Demand is accelerating. Prepare additional stock.,No immediate seasonal peaks expected.,93.53,Short-term moving averages indicate steady demand alignment.
8,3,Electronics,44.0,43.98,0.03,Maintain optimal inventory,Low,Demand is slowing. Avoid overstocking.,No immediate seasonal peaks expected.,93.53,Short-term moving averages indicate steady demand alignment.
8,4,Electronics,23.09,26.48,-12.79,Reduce procurement volume,High,Demand is slowing. Avoid overstocking.,No immediate seasonal peaks expected.,98.53,rolling_mean_7 and rolling_mean_30 show a declining demand trend.
8,5,Electronics,22.98,21.81,5.36,Increase inventory levels,Medium,Demand is accelerating. Prepare additional stock.,No immediate seasonal peaks expected.,98.53,rolling_mean_7 and sales_lag_7 show strong upward demand trend.
8,6,Electronics,68.89,70.34,-2.06,Maintain optimal inventory,Low,Demand is accelerating. Prepare additional stock.,No immediate seasonal peaks expected.,93.53,Short-term moving averages indicate steady demand alignment.
8,7,Electronics,69.82,70.05,-0.33,Maintain optimal inventory,Low,Demand is accelerating. Prepare additional stock.,No immediate seasonal peaks expected.,93.53,Short-term moving averages indicate steady demand alignment.
8,8,Electronics,92.51,91.97,0.58,Maintain optimal inventory,Low,Demand is slowing. Avoid overstocking.,No immediate seasonal peaks expected.,93.53,Short-term moving averages indicate steady demand alignment.
8,9,Electronics,63.07,61.5,2.55,Maintain optimal inventory,Low,Demand is accelerating. Prepare additional stock.,No immediate seasonal peaks expected.,93.53,Short-term moving averages indicate steady demand alignment.
8,10,Electronics,85.95,87.71,-2.01,Maintain optimal inventory,Low,Demand is slowing. Avoid overstocking.,No immediate seasonal peaks expected.,93.53,Short-term moving averages indicate steady demand alignment.
8,11,Apparel,84.95,83.51,1.73,Maintain optimal inventory,Low,Demand is slowing. Avoid overstocking.,No immediate seasonal peaks expected.,93.53,Short-term moving averages indicate steady demand alignment.
8,12,Apparel,81.04,83.75,-3.23,Maintain optimal inventory,Low,Demand is accelerating. Prepare additional stock.,No immediate seasonal peaks expected.,93.53,Short-term moving averages indicate steady demand alignment.
8,13,Apparel,95.48,101.38,-5.82,Reduce procurement volume,Medium,Demand is accelerating. Prepare additional stock.,No immediate seasonal peaks expected.,83.53,Short-term moving averages indicate steady demand alignment.
8,14,Apparel,70.6,69.9,1.0,Maintain optimal inventory,Low,Demand is slowing. Avoid overstocking.,No immediate seasonal peaks expected.,93.53,Short-term moving averages indicate steady demand alignment.
8,15,Apparel,101.36,105.47,-3.9,Maintain optimal inventory,Low,Demand is slowing. Avoid overstocking.,No immediate seasonal peaks expected.,93.53,Short-term moving averages indicate steady demand alignment.
8,16,Apparel,27.93,30.7,-9.03,Reduce procurement volume,Medium,Demand is slowing. Avoid overstocking.,No immediate seasonal peaks expected.,98.53,rolling_mean_7 and rolling_mean_30 show a declining demand trend.
8,17,Apparel,39.07,39.49,-1.05,Maintain optimal inventory,Low,Demand is slowing. Avoid overstocking.,No immediate seasonal peaks expected.,93.53,Short-term moving averages indicate steady demand alignment.
8,18,Apparel,91.76,101.42,-9.53,Reduce procurement volume,Medium,Demand is slowing. Avoid overstocking.,No immediate seasonal peaks expected.,98.53,rolling_mean_7 and rolling_mean_30 show a declining demand trend.
8,19,Apparel,49.68,48.1,3.3,Maintain optimal inventory,Low,Demand is accelerating. Prepare additional stock.,No immediate seasonal peaks expected.,93.53,Short-term moving averages indicate steady demand alignment.
8,20,Apparel,58.91,56.71,3.89,Maintain optimal inventory,Low,Demand is accelerating. Prepare additional stock.,No immediate seasonal peaks expected.,93.53,Short-term moving averages indicate steady demand alignment.
8,21,Home Goods,51.5,48.48,6.23,Increase inventory levels,Medium,Demand is accelerating. Prepare additional stock.,No immediate seasonal peaks expected.,98.53,rolling_mean_7 and sales_lag_7 show strong upward demand trend.
8,22,Home Goods,91.79,96.47,-4.85,Maintain optimal inventory,Low,Demand is slowing. Avoid overstocking.,No immediate seasonal peaks expected.,93.53,Short-term moving averages indicate steady demand alignment.
7,45,Health & Beauty,55.58,54.51,1.96,Maintain optimal inventory,Low,Demand is accelerating. Prepare additional stock.,No immediate seasonal peaks expected.,93.53,Short-term moving averages indicate steady demand alignment.
7,44,Health & Beauty,20.15,19.95,1.0,Maintain optimal inventory,Low,Demand is accelerating. Prepare additional stock.,No immediate seasonal peaks expected.,93.53,Short-term moving averages indicate steady demand alignment.
7,43,Health & Beauty,36.86,34.46,6.94,Increase inventory levels,Medium,Demand is accelerating. Prepare additional stock.,No immediate seasonal peaks expected.,98.53,rolling_mean_7 and sales_lag_7 show strong upward demand trend.
7,42,Health & Beauty,24.99,24.86,0.5,Maintain optimal inventory,Low,Demand is slowing. Avoid overstocking.,No immediate seasonal peaks expected.,93.53,Short-term moving averages indicate steady demand alignment.
7,14,Apparel,42.25,40.09,5.39,Increase inventory levels,Medium,Demand is accelerating. Prepare additional stock.,No immediate seasonal peaks expected.,98.53,rolling_mean_7 and sales_lag_7 show strong upward demand trend.
7,15,Apparel,58.59,59.78,-2.0,Maintain optimal inventory,Low,Demand is slowing. Avoid overstocking.,No immediate seasonal peaks expected.,93.53,Short-term moving averages indicate steady demand alignment.
7,16,Apparel,17.37,17.38,-0.05,Maintain optimal inventory,Low,Demand is slowing. Avoid overstocking.,No immediate seasonal peaks expected.,93.53,Short-term moving averages indicate steady demand alignment.
7,17,Apparel,22.84,22.31,2.38,Maintain optimal inventory,Low,Demand is accelerating. Prepare additional stock.,No immediate seasonal peaks expected.,93.53,Short-term moving averages indicate steady demand alignment.
7,18,Apparel,59.33,57.44,3.29,Maintain optimal inventory,Low,Demand is accelerating. Prepare additional stock.,No immediate seasonal peaks expected.,93.53,Short-term moving averages indicate steady demand alignment.
7,19,Apparel,26.99,27.49,-1.83,Maintain optimal inventory,Low,Demand is accelerating. Prepare additional stock.,No immediate seasonal peaks expected.,93.53,Short-term moving averages indicate steady demand alignment.
7,20,Apparel,30.77,32.51,-5.33,Reduce procurement volume,Medium,Demand is slowing. Avoid overstocking.,No immediate seasonal peaks expected.,98.53,rolling_mean_7 and rolling_mean_30 show a declining demand trend.
7,21,Home Goods,25.95,27.52,-5.68,Reduce procurement volume,Medium,Demand is slowing. Avoid overstocking.,No immediate seasonal peaks expected.,98.53,rolling_mean_7 and rolling_mean_30 show a declining demand trend.
7,22,Home Goods,53.8,54.73,-1.7,Maintain optimal inventory,Low,Demand is accelerating. Prepare additional stock.,No immediate seasonal peaks expected.,93.53,Short-term moving averages indicate steady demand alignment.
7,23,Home Goods,17.48,19.7,-11.28,Reduce procurement volume,High,Demand is slowing. Avoid overstocking.,No immediate seasonal peaks expected.,98.53,rolling_mean_7 and rolling_mean_30 show a declining demand trend.
7,24,Home Goods,47.95,44.69,7.3,Increase inventory levels,Medium,Demand is accelerating. Prepare additional stock.,No immediate seasonal peaks expected.,98.53,rolling_mean_7 and sales_lag_7 show strong upward demand trend.
7,25,Home Goods,56.84,55.0,3.35,Maintain optimal inventory,Low,Demand is slowing. Avoid overstocking.,No immediate seasonal peaks expected.,93.53,Short-term moving averages indicate steady demand alignment.
7,26,Home Goods,32.05,32.28,-0.71,Maintain optimal inventory,Low,Demand is slowing. Avoid overstocking.,No immediate seasonal peaks expected.,93.53,Short-term moving averages indicate steady demand alignment.
8,24,Home Goods,79.36,79.37,-0.01,Maintain optimal inventory,Low,Demand is accelerating. Prepare additional stock.,No immediate seasonal peaks expected.,93.53,Short-term moving averages indicate steady demand alignment.
7,27,Home Goods,13.68,14.84,-7.79,Reduce procurement volume,Medium,Demand is slowing. Avoid overstocking.,No immediate seasonal peaks expected.,98.53,rolling_mean_7 and rolling_mean_30 show a declining demand trend.
7,29,Home Goods,49.24,47.32,4.06,Maintain optimal inventory,Low,Demand is accelerating. Prepare additional stock.,No immediate seasonal peaks expected.,93.53,Short-term moving averages indicate steady demand alignment.
7,30,Home Goods,24.6,27.48,-10.49,Reduce procurement volume,High,Demand is slowing. Avoid overstocking.,No immediate seasonal peaks expected.,98.53,rolling_mean_7 and rolling_mean_30 show a declining demand trend.
7,31,Groceries,39.78,39.95,-0.4,Maintain optimal inventory,Low,Demand is accelerating. Prepare additional stock.,No immediate seasonal peaks expected.,93.53,Short-term moving averages indicate steady demand alignment.
7,32,Groceries,30.69,29.98,2.35,Maintain optimal inventory,Low,Demand is accelerating. Prepare additional stock.,No immediate seasonal peaks expected.,93.53,Short-term moving averages indicate steady demand alignment.
7,33,Groceries,45.15,47.23,-4.41,Maintain optimal inventory,Low,Demand is accelerating. Prepare additional stock.,No immediate seasonal peaks expected.,93.53,Short-term moving averages indicate steady demand alignment.
7,34,Groceries,16.63,17.57,-5.35,Reduce procurement volume,Medium,Demand is slowing. Avoid overstocking.,No immediate seasonal peaks expected.,98.53,rolling_mean_7 and rolling_mean_30 show a declining demand trend.
7,35,Groceries,45.28,44.88,0.91,Maintain optimal inventory,Low,Demand is slowing. Avoid overstocking.,No immediate seasonal peaks expected.,93.53,Short-term moving averages indicate steady demand alignment.
7,36,Groceries,52.97,52.26,1.35,Maintain optimal inventory,Low,Demand is accelerating. Prepare additional stock.,No immediate seasonal peaks expected.,93.53,Short-term moving averages indicate steady demand alignment.
7,37,Groceries,19.19,19.78,-3.01,Maintain optimal inventory,Low,Demand is accelerating. Prepare additional stock.,No immediate seasonal peaks expected.,93.53,Short-term moving averages indicate steady demand alignment.
7,38,Groceries,51.86,54.67,-5.14,Reduce procurement volume,Medium,Demand is slowing. Avoid overstocking.,No immediate seasonal peaks expected.,98.53,rolling_mean_7 and rolling_mean_30 show a declining demand trend.
7,39,Groceries,27.7,29.89,-7.35,Reduce procurement volume,Medium,Demand is slowing. Avoid overstocking.,No immediate seasonal peaks expected.,98.53,rolling_mean_7 and rolling_mean_30 show a declining demand trend.
7,40,Groceries,19.21,19.9,-3.49,Maintain optimal inventory,Low,Demand is accelerating. Prepare additional stock.,No immediate seasonal peaks expected.,93.53,Short-term moving averages indicate steady demand alignment.
7,41,Health & Beauty,14.37,15.17,-5.29,Reduce procurement volume,Medium,Demand is slowing. Avoid overstocking.,No immediate seasonal peaks expected.,98.53,rolling_mean_7 and rolling_mean_30 show a declining demand trend.
7,28,Home Goods,57.57,59.73,-3.61,Maintain optimal inventory,Low,Demand is accelerating. Prepare additional stock.,No immediate seasonal peaks expected.,93.53,Short-term moving averages indicate steady demand alignment.
10,50,Health & Beauty,71.24,72.44,-1.65,Maintain optimal inventory,Low,Demand is slowing. Avoid overstocking.,No immediate seasonal peaks expected.,93.53,Short-term moving averages indicate steady demand alignment.
