Store,Item,Forecasted_Sales,Historical_Average,Decision_Score,Risk_Score,Risk_Level,Business_Category,Priority_Rank,Priority_Level,Operational_Action,Explanation_Forecast,Explanation_SHAP,Explanation_Trend,Explanation_Risk
6,40,23.79,21.5,71.32,14.64,Low Risk,Growth Opportunity,1,High Priority,Increase inventory by 10.7% to meet predicted demand surge,Forecasted demand is 10.7% higher than historical averages,"rolling_mean_7 SHAP contribution indicates a strong positive impact of recent sales, verifying high prediction confidence based on historical patterns",Demand is accelerating: 7-day moving average (22.0) exceeds 30-day baseline (20.0),Low forecast uncertainty: minimal volatility observed in predictions
4,4,24.6,22.54,69.82,14.12,Low Risk,Growth Opportunity,2,High Priority,Increase inventory by 9.1% to meet predicted demand surge,Forecasted demand is 9.1% higher than historical averages,"rolling_mean_7 SHAP contribution indicates a strong positive impact of recent sales, verifying high prediction confidence based on historical patterns",Demand is accelerating: 7-day moving average (23.6) exceeds 30-day baseline (21.1),Low forecast uncertainty: minimal volatility observed in predictions
6,27,16.83,16.37,68.03,6.02,Low Risk,Growth Opportunity,3,High Priority,Maintain current replenishment levels,Forecasted demand aligns closely with historical baseline levels,"rolling_mean_7 SHAP contribution indicates a strong positive impact of recent sales, verifying high prediction confidence based on historical patterns",Demand is accelerating: 7-day moving average (16.6) exceeds 30-day baseline (14.3),Low forecast uncertainty: minimal volatility observed in predictions
4,47,24.21,22.52,65.52,14.02,Low Risk,Growth Opportunity,4,High Priority,Increase inventory by 7.5% to meet predicted demand surge,Forecasted demand is 7.5% higher than historical averages,"rolling_mean_7 SHAP contribution indicates a strong positive impact of recent sales, verifying high prediction confidence based on historical patterns",Demand is accelerating: 7-day moving average (22.6) exceeds 30-day baseline (20.9),Low forecast uncertainty: minimal volatility observed in predictions
7,17,22.84,22.31,64.95,13.81,Low Risk,Growth Opportunity,5,High Priority,Maintain current replenishment levels,Forecasted demand aligns closely with historical baseline levels,"rolling_mean_7 SHAP contribution indicates a strong positive impact of recent sales, verifying high prediction confidence based on historical patterns",Demand is accelerating: 7-day moving average (23.0) exceeds 30-day baseline (19.5),Low forecast uncertainty: minimal volatility observed in predictions
3,11,81.73,77.34,64.39,67.41,High Risk,Strategic Monitoring,6,High Priority,Increase inventory by 5.7% to meet predicted demand surge,Forecasted demand is 5.7% higher than historical averages,"rolling_mean_7 SHAP contribution indicates a strong positive impact of recent sales, verifying high prediction confidence based on historical patterns",Demand is accelerating: 7-day moving average (75.9) exceeds 30-day baseline (67.2),Elevated uncertainty: historical sales show significant variance
2,47,29.86,27.62,63.54,17.24,Low Risk,Growth Opportunity,7,High Priority,Increase inventory by 8.1% to meet predicted demand surge,Forecasted demand is 8.1% higher than historical averages,"rolling_mean_7 SHAP contribution indicates a strong positive impact of recent sales, verifying high prediction confidence based on historical patterns",Demand is accelerating: 7-day moving average (27.0) exceeds 30-day baseline (25.2),Low forecast uncertainty: minimal volatility observed in predictions
8,5,22.98,21.81,63.47,10.58,Low Risk,Growth Opportunity,8,High Priority,Increase inventory by 5.4% to meet predicted demand surge,Forecasted demand is 5.4% higher than historical averages,"rolling_mean_7 SHAP contribution indicates a strong positive impact of recent sales, verifying high prediction confidence based on historical patterns",Demand is accelerating: 7-day moving average (21.9) exceeds 30-day baseline (20.0),Low forecast uncertainty: minimal volatility observed in predictions
9,27,23.74,22.88,63.46,12.87,Low Risk,Growth Opportunity,9,High Priority,Maintain current replenishment levels,Forecasted demand aligns closely with historical baseline levels,"rolling_mean_7 SHAP contribution indicates a strong positive impact of recent sales, verifying high prediction confidence based on historical patterns",Demand is accelerating: 7-day moving average (22.3) exceeds 30-day baseline (19.9),Low forecast uncertainty: minimal volatility observed in predictions
3,24,77.13,73.27,62.86,66.9,High Risk,Strategic Monitoring,10,High Priority,Increase inventory by 5.3% to meet predicted demand surge,Forecasted demand is 5.3% higher than historical averages,"rolling_mean_7 SHAP contribution indicates a strong positive impact of recent sales, verifying high prediction confidence based on historical patterns",Demand is accelerating: 7-day moving average (74.1) exceeds 30-day baseline (65.5),Elevated uncertainty: historical sales show significant variance
3,13,98.22,93.81,62.28,83.18,Critical Risk,Strategic Monitoring,11,High Priority,Maintain current replenishment levels,Forecasted demand aligns closely with historical baseline levels,"rolling_mean_7 SHAP contribution indicates a strong positive impact of recent sales, verifying high prediction confidence based on historical patterns",Demand is accelerating: 7-day moving average (86.4) exceeds 30-day baseline (84.7),Critical risk of variance: high historical volatility and forecasting residuals
7,43,36.86,34.46,61.92,27.95,Low Risk,Growth Opportunity,12,High Priority,Increase inventory by 6.9% to meet predicted demand surge,Forecasted demand is 6.9% higher than historical averages,rolling_mean_7 SHAP contribution indicates a strong positive impact of recent sales,Demand is accelerating: 7-day moving average (34.6) exceeds 30-day baseline (31.1),Low forecast uncertainty: minimal volatility observed in predictions
5,46,48.05,43.72,61.9,36.34,Medium Risk,Growth Opportunity,13,High Priority,Increase inventory by 9.9% to meet predicted demand surge,Forecasted demand is 9.9% higher than historical averages,rolling_mean_7 SHAP contribution indicates a strong positive impact of recent sales,Demand is accelerating: 7-day moving average (44.4) exceeds 30-day baseline (40.0),Moderate uncertainty: stable metrics with minor variance
9,47,23.13,22.4,61.34,11.9,Low Risk,Growth Opportunity,14,High Priority,Maintain current replenishment levels,Forecasted demand aligns closely with historical baseline levels,"rolling_mean_7 SHAP contribution indicates a strong positive impact of recent sales, verifying high prediction confidence based on historical patterns",Demand is accelerating: 7-day moving average (21.4) exceeds 30-day baseline (19.6),Low forecast uncertainty: minimal volatility observed in predictions
9,5,19.66,18.76,61.06,9.11,Low Risk,Growth Opportunity,15,High Priority,Maintain current replenishment levels,Forecasted demand aligns closely with historical baseline levels,"rolling_mean_7 SHAP contribution indicates a strong positive impact of recent sales, verifying high prediction confidence based on historical patterns",Demand is accelerating: 7-day moving average (17.4) exceeds 30-day baseline (16.9),Low forecast uncertainty: minimal volatility observed in predictions
10,11,80.83,76.36,61.0,66.06,High Risk,Strategic Monitoring,16,High Priority,Increase inventory by 5.9% to meet predicted demand surge,Forecasted demand is 5.9% higher than historical averages,"rolling_mean_7 SHAP contribution indicates a strong positive impact of recent sales, verifying high prediction confidence based on historical patterns",Demand is accelerating: 7-day moving average (73.9) exceeds 30-day baseline (68.9),Elevated uncertainty: historical sales show significant variance
5,14,46.14,43.94,60.14,36.65,Medium Risk,Growth Opportunity,17,High Priority,Increase inventory by 5.0% to meet predicted demand surge,Forecasted demand is 5.0% higher than historical averages,rolling_mean_7 SHAP contribution indicates a strong positive impact of recent sales,Demand is accelerating: 7-day moving average (44.9) exceeds 30-day baseline (38.4),Moderate uncertainty: stable metrics with minor variance
2,45,101.68,100.83,60.06,90.02,Critical Risk,Strategic Monitoring,18,High Priority,Maintain current replenishment levels,Forecasted demand aligns closely with historical baseline levels,"rolling_mean_7 SHAP contribution indicates a strong positive impact of recent sales, verifying high prediction confidence based on historical patterns",Demand is accelerating: 7-day moving average (94.1) exceeds 30-day baseline (92.2),Critical risk of variance: high historical volatility and forecasting residuals
1,27,19.7,19.6,59.51,10.37,Low Risk,Stable Demand,19,High Priority,Maintain current replenishment levels,Forecasted demand aligns closely with historical baseline levels,"rolling_mean_7 SHAP contribution indicates a strong positive impact of recent sales, verifying high prediction confidence based on historical patterns",Demand is accelerating: 7-day moving average (18.3) exceeds 30-day baseline (16.6),Low forecast uncertainty: minimal volatility observed in predictions
3,5,22.06,20.29,59.47,9.8,Low Risk,Stable Demand,20,High Priority,Increase inventory by 8.7% to meet predicted demand surge,Forecasted demand is 8.7% higher than historical averages,"rolling_mean_7 SHAP contribution indicates a strong positive impact of recent sales, verifying high prediction confidence based on historical patterns",Demand is slowing: 7-day moving average (18.9) has fallen below 30-day baseline (19.8),Low forecast uncertainty: minimal volatility observed in predictions
3,49,33.81,32.45,58.87,25.14,Low Risk,Stable Demand,21,High Priority,Maintain current replenishment levels,Forecasted demand aligns closely with historical baseline levels,rolling_mean_7 SHAP contribution indicates a strong positive impact of recent sales,Demand is accelerating: 7-day moving average (31.7) exceeds 30-day baseline (28.8),Low forecast uncertainty: minimal volatility observed in predictions
2,15,108.55,109.97,58.54,98.89,Critical Risk,Strategic Monitoring,22,High Priority,Maintain current replenishment levels,Forecasted demand aligns closely with historical baseline levels,"rolling_mean_7 SHAP contribution indicates a strong positive impact of recent sales, verifying high prediction confidence based on historical patterns",Demand is accelerating: 7-day moving average (96.9) exceeds 30-day baseline (96.5),Critical risk of variance: high historical volatility and forecasting residuals
2,5,23.94,22.99,58.49,13.54,Low Risk,Stable Demand,23,High Priority,Maintain current replenishment levels,Forecasted demand aligns closely with historical baseline levels,"rolling_mean_7 SHAP contribution indicates a strong positive impact of recent sales, verifying high prediction confidence based on historical patterns",Demand is accelerating: 7-day moving average (21.4) exceeds 30-day baseline (20.7),Low forecast uncertainty: minimal volatility observed in predictions
3,45,89.39,89.53,57.46,78.48,Critical Risk,Strategic Monitoring,24,High Priority,Maintain current replenishment levels,Forecasted demand aligns closely with historical baseline levels,"rolling_mean_7 SHAP contribution indicates a strong positive impact of recent sales, verifying high prediction confidence based on historical patterns",Demand is accelerating: 7-day moving average (84.0) exceeds 30-day baseline (77.5),Critical risk of variance: high historical volatility and forecasting residuals
7,24,47.95,44.69,57.45,34.52,Medium Risk,Stable Demand,25,High Priority,Increase inventory by 7.3% to meet predicted demand surge,Forecasted demand is 7.3% higher than historical averages,rolling_mean_7 SHAP contribution indicates a strong positive impact of recent sales,Demand is accelerating: 7-day moving average (44.3) exceeds 30-day baseline (40.5),Moderate uncertainty: stable metrics with minor variance
7,7,41.66,39.69,57.24,31.1,Medium Risk,Stable Demand,26,High Priority,Maintain current replenishment levels,Forecasted demand aligns closely with historical baseline levels,rolling_mean_7 SHAP contribution indicates a strong positive impact of recent sales,Demand is accelerating: 7-day moving average (39.1) exceeds 30-day baseline (35.6),Moderate uncertainty: stable metrics with minor variance
9,19,44.18,41.51,57.22,33.31,Medium Risk,Stable Demand,27,High Priority,Increase inventory by 6.4% to meet predicted demand surge,Forecasted demand is 6.4% higher than historical averages,rolling_mean_7 SHAP contribution indicates a strong positive impact of recent sales,Demand is accelerating: 7-day moving average (39.7) exceeds 30-day baseline (36.4),Moderate uncertainty: stable metrics with minor variance
3,42,43.41,40.73,56.88,33.31,Medium Risk,Stable Demand,28,High Priority,Increase inventory by 6.6% to meet predicted demand surge,Forecasted demand is 6.6% higher than historical averages,rolling_mean_7 SHAP contribution indicates a strong positive impact of recent sales,Demand is accelerating: 7-day moving average (39.1) exceeds 30-day baseline (36.5),Moderate uncertainty: stable metrics with minor variance
5,27,16.3,16.4,56.76,5.58,Low Risk,Stable Demand,29,High Priority,Maintain current replenishment levels,Forecasted demand aligns closely with historical baseline levels,"rolling_mean_7 SHAP contribution indicates a strong positive impact of recent sales, verifying high prediction confidence based on historical patterns",Demand is accelerating: 7-day moving average (15.1) exceeds 30-day baseline (14.4),Low forecast uncertainty: minimal volatility observed in predictions
7,1,14.53,14.78,56.75,3.42,Low Risk,Stable Demand,30,High Priority,Maintain current replenishment levels,Forecasted demand aligns closely with historical baseline levels,"rolling_mean_7 SHAP contribution indicates a strong positive impact of recent sales, verifying high prediction confidence based on historical patterns",Demand is accelerating: 7-day moving average (13.7) exceeds 30-day baseline (12.9),Low forecast uncertainty: minimal volatility observed in predictions
5,1,16.08,16.3,56.42,5.48,Low Risk,Stable Demand,31,High Priority,Maintain current replenishment levels,Forecasted demand aligns closely with historical baseline levels,"rolling_mean_7 SHAP contribution indicates a strong positive impact of recent sales, verifying high prediction confidence based on historical patterns",Demand is accelerating: 7-day moving average (15.4) exceeds 30-day baseline (14.6),Low forecast uncertainty: minimal volatility observed in predictions
9,37,30.97,29.99,56.41,21.54,Low Risk,Stable Demand,32,High Priority,Maintain current replenishment levels,Forecasted demand aligns closely with historical baseline levels,"rolling_mean_7 SHAP contribution indicates a strong positive impact of recent sales, verifying high prediction confidence based on historical patterns",Demand is accelerating: 7-day moving average (28.9) exceeds 30-day baseline (27.0),Low forecast uncertainty: minimal volatility observed in predictions
4,3,38.93,37.62,56.32,30.51,Medium Risk,Stable Demand,33,High Priority,Maintain current replenishment levels,Forecasted demand aligns closely with historical baseline levels,rolling_mean_7 SHAP contribution indicates a strong positive impact of recent sales,Demand is accelerating: 7-day moving average (36.3) exceeds 30-day baseline (32.8),Moderate uncertainty: stable metrics with minor variance
4,1,22.94,22.43,56.25,13.5,Low Risk,Stable Demand,34,High Priority,Maintain current replenishment levels,Forecasted demand aligns closely with historical baseline levels,"rolling_mean_7 SHAP contribution indicates a strong positive impact of recent sales, verifying high prediction confidence based on historical patterns",Demand is accelerating: 7-day moving average (21.3) exceeds 30-day baseline (20.4),Low forecast uncertainty: minimal volatility observed in predictions
6,34,19.28,19.2,55.92,7.9,Low Risk,Stable Demand,35,High Priority,Maintain current replenishment levels,Forecasted demand aligns closely with historical baseline levels,"rolling_mean_7 SHAP contribution indicates a strong positive impact of recent sales, verifying high prediction confidence based on historical patterns",Demand is accelerating: 7-day moving average (16.9) exceeds 30-day baseline (16.2),Low forecast uncertainty: minimal volatility observed in predictions
8,36,93.25,91.92,55.81,78.25,Critical Risk,Strategic Monitoring,36,High Priority,Maintain current replenishment levels,Forecasted demand aligns closely with historical baseline levels,"rolling_mean_7 SHAP contribution indicates a strong positive impact of recent sales, verifying high prediction confidence based on historical patterns",Demand is accelerating: 7-day moving average (83.7) exceeds 30-day baseline (83.5),Critical risk of variance: high historical volatility and forecasting residuals
4,11,75.97,71.58,55.68,63.86,High Risk,Strategic Monitoring,37,High Priority,Increase inventory by 6.1% to meet predicted demand surge,Forecasted demand is 6.1% higher than historical averages,"rolling_mean_7 SHAP contribution indicates a strong positive impact of recent sales, verifying high prediction confidence based on historical patterns",Demand is accelerating: 7-day moving average (67.1) exceeds 30-day baseline (66.5),Elevated uncertainty: historical sales show significant variance
6,32,32.51,32.63,55.63,24.94,Low Risk,Stable Demand,38,High Priority,Maintain current replenishment levels,Forecasted demand aligns closely with historical baseline levels,"rolling_mean_7 SHAP contribution indicates a strong positive impact of recent sales, verifying high prediction confidence based on historical patterns",Demand is accelerating: 7-day moving average (31.3) exceeds 30-day baseline (27.4),Low forecast uncertainty: minimal volatility observed in predictions
3,18,93.46,93.98,55.61,78.21,Critical Risk,Strategic Monitoring,39,High Priority,Maintain current replenishment levels,Forecasted demand aligns closely with historical baseline levels,"rolling_mean_7 SHAP contribution indicates a strong positive impact of recent sales, verifying high prediction confidence based on historical patterns",Demand is accelerating: 7-day moving average (84.0) exceeds 30-day baseline (80.3),Critical risk of variance: high historical volatility and forecasting residuals
9,23,31.52,30.21,55.53,22.08,Low Risk,Stable Demand,40,High Priority,Maintain current replenishment levels,Forecasted demand aligns closely with historical baseline levels,"rolling_mean_7 SHAP contribution indicates a strong positive impact of recent sales, verifying high prediction confidence based on historical patterns",Demand is accelerating: 7-day moving average (27.4) exceeds 30-day baseline (26.5),Low forecast uncertainty: minimal volatility observed in predictions
10,17,37.32,36.2,55.5,29.81,Low Risk,Stable Demand,41,High Priority,Maintain current replenishment levels,Forecasted demand aligns closely with historical baseline levels,rolling_mean_7 SHAP contribution indicates a strong positive impact of recent sales,Demand is accelerating: 7-day moving average (34.3) exceeds 30-day baseline (31.5),Low forecast uncertainty: minimal volatility observed in predictions
1,49,26.38,25.84,54.99,15.41,Low Risk,Stable Demand,42,High Priority,Maintain current replenishment levels,Forecasted demand aligns closely with historical baseline levels,"rolling_mean_7 SHAP contribution indicates a strong positive impact of recent sales, verifying high prediction confidence based on historical patterns",Demand is accelerating: 7-day moving average (24.4) exceeds 30-day baseline (23.4),Low forecast uncertainty: minimal volatility observed in predictions
6,17,25.36,24.5,54.92,15.06,Low Risk,Stable Demand,43,High Priority,Maintain current replenishment levels,Forecasted demand aligns closely with historical baseline levels,"rolling_mean_7 SHAP contribution indicates a strong positive impact of recent sales, verifying high prediction confidence based on historical patterns",Demand is accelerating: 7-day moving average (23.0) exceeds 30-day baseline (22.7),Low forecast uncertainty: minimal volatility observed in predictions
3,25,91.35,89.64,54.84,81.22,Critical Risk,Strategic Monitoring,44,High Priority,Maintain current replenishment levels,Forecasted demand aligns closely with historical baseline levels,"rolling_mean_7 SHAP contribution indicates a strong positive impact of recent sales, verifying high prediction confidence based on historical patterns",Demand is slowing: 7-day moving average (80.6) has fallen below 30-day baseline (80.7),Critical risk of variance: high historical volatility and forecasting residuals
10,28,96.25,96.41,54.76,80.14,Critical Risk,Strategic Monitoring,45,High Priority,Maintain current replenishment levels,Forecasted demand aligns closely with historical baseline levels,"rolling_mean_7 SHAP contribution indicates a strong positive impact of recent sales, verifying high prediction confidence based on historical patterns",Demand is accelerating: 7-day moving average (85.3) exceeds 30-day baseline (84.7),Critical risk of variance: high historical volatility and forecasting residuals
8,21,51.5,48.48,54.76,39.91,Medium Risk,Stable Demand,46,High Priority,Increase inventory by 6.2% to meet predicted demand surge,Forecasted demand is 6.2% higher than historical averages,rolling_mean_7 SHAP contribution indicates a strong positive impact of recent sales,Demand is accelerating: 7-day moving average (47.0) exceeds 30-day baseline (43.5),Moderate uncertainty: stable metrics with minor variance
8,2,71.97,69.9,54.57,61.47,High Risk,Strategic Monitoring,47,High Priority,Maintain current replenishment levels,Forecasted demand aligns closely with historical baseline levels,rolling_mean_7 SHAP contribution indicates a strong positive impact of recent sales,Demand is accelerating: 7-day moving average (66.7) exceeds 30-day baseline (61.7),Elevated uncertainty: historical sales show significant variance
1,1,19.55,19.59,54.57,9.28,Low Risk,Stable Demand,48,High Priority,Maintain current replenishment levels,Forecasted demand aligns closely with historical baseline levels,"rolling_mean_7 SHAP contribution indicates a strong positive impact of recent sales, verifying high prediction confidence based on historical patterns",Demand is accelerating: 7-day moving average (17.6) exceeds 30-day baseline (17.0),Low forecast uncertainty: minimal volatility observed in predictions
1,10,66.97,64.64,54.53,57.14,High Risk,Strategic Monitoring,49,High Priority,Maintain current replenishment levels,Forecasted demand aligns closely with historical baseline levels,rolling_mean_7 SHAP contribution indicates a strong positive impact of recent sales,Demand is accelerating: 7-day moving average (61.7) exceeds 30-day baseline (57.6),Elevated uncertainty: historical sales show significant variance
2,23,37.75,36.64,54.39,32.62,Medium Risk,Stable Demand,50,High Priority,Maintain current replenishment levels,Forecasted demand aligns closely with historical baseline levels,rolling_mean_7 SHAP contribution indicates a strong positive impact of recent sales,Demand is accelerating: 7-day moving average (34.7) exceeds 30-day baseline (32.3),Moderate uncertainty: stable metrics with minor variance
7,44,20.15,19.95,54.36,10.02,Low Risk,Stable Demand,51,Medium Priority,Maintain current replenishment levels,Forecasted demand aligns closely with historical baseline levels,"rolling_mean_7 SHAP contribution indicates a strong positive impact of recent sales, verifying high prediction confidence based on historical patterns",Demand is accelerating: 7-day moving average (18.0) exceeds 30-day baseline (17.8),Low forecast uncertainty: minimal volatility observed in predictions
6,41,15.63,16.28,54.34,5.87,Low Risk,Stable Demand,52,Medium Priority,Maintain current replenishment levels,Forecasted demand aligns closely with historical baseline levels,"rolling_mean_7 SHAP contribution indicates a strong positive impact of recent sales, verifying high prediction confidence based on historical patterns",Demand is accelerating: 7-day moving average (14.6) exceeds 30-day baseline (13.6),Low forecast uncertainty: minimal volatility observed in predictions
9,22,84.52,82.75,54.33,71.32,Critical Risk,Strategic Monitoring,53,Medium Priority,Maintain current replenishment levels,Forecasted demand aligns closely with historical baseline levels,"rolling_mean_7 SHAP contribution indicates a strong positive impact of recent sales, verifying high prediction confidence based on historical patterns",Demand is accelerating: 7-day moving average (74.0) exceeds 30-day baseline (72.1),Critical risk of variance: high historical volatility and forecasting residuals
7,32,30.69,29.98,54.26,21.7,Low Risk,Stable Demand,54,Medium Priority,Maintain current replenishment levels,Forecasted demand aligns closely with historical baseline levels,"rolling_mean_7 SHAP contribution indicates a strong positive impact of recent sales, verifying high prediction confidence based on historical patterns",Demand is accelerating: 7-day moving average (27.7) exceeds 30-day baseline (26.4),Low forecast uncertainty: minimal volatility observed in predictions
2,4,28.48,27.54,54.24,17.65,Low Risk,Stable Demand,55,Medium Priority,Maintain current replenishment levels,Forecasted demand aligns closely with historical baseline levels,"rolling_mean_7 SHAP contribution indicates a strong positive impact of recent sales, verifying high prediction confidence based on historical patterns",Demand is accelerating: 7-day moving average (25.3) exceeds 30-day baseline (24.8),Low forecast uncertainty: minimal volatility observed in predictions
2,36,93.91,96.42,53.87,81.44,Critical Risk,Strategic Monitoring,56,Medium Priority,Maintain current replenishment levels,Forecasted demand aligns closely with historical baseline levels,"rolling_mean_7 SHAP contribution indicates a strong positive impact of recent sales, verifying high prediction confidence based on historical patterns",Demand is accelerating: 7-day moving average (88.3) exceeds 30-day baseline (84.2),Critical risk of variance: high historical volatility and forecasting residuals
4,41,23.95,22.62,53.84,15.08,Low Risk,Stable Demand,57,Medium Priority,Increase inventory by 5.9% to meet predicted demand surge,Forecasted demand is 5.9% higher than historical averages,"rolling_mean_7 SHAP contribution indicates a strong positive impact of recent sales, verifying high prediction confidence based on historical patterns",Demand is slowing: 7-day moving average (19.6) has fallen below 30-day baseline (20.9),Low forecast uncertainty: minimal volatility observed in predictions
2,12,87.48,87.26,53.76,79.5,Critical Risk,Strategic Monitoring,58,Medium Priority,Maintain current replenishment levels,Forecasted demand aligns closely with historical baseline levels,"rolling_mean_7 SHAP contribution indicates a strong positive impact of recent sales, verifying high prediction confidence based on historical patterns",Demand is accelerating: 7-day moving average (78.4) exceeds 30-day baseline (75.4),Critical risk of variance: high historical volatility and forecasting residuals
3,27,24.82,24.52,53.7,17.0,Low Risk,Stable Demand,59,Medium Priority,Maintain current replenishment levels,Forecasted demand aligns closely with historical baseline levels,"rolling_mean_7 SHAP contribution indicates a strong positive impact of recent sales, verifying high prediction confidence based on historical patterns",Demand is accelerating: 7-day moving average (21.7) exceeds 30-day baseline (21.1),Low forecast uncertainty: minimal volatility observed in predictions
8,41,26.85,26.33,53.62,19.52,Low Risk,Stable Demand,60,Medium Priority,Maintain current replenishment levels,Forecasted demand aligns closely with historical baseline levels,"rolling_mean_7 SHAP contribution indicates a strong positive impact of recent sales, verifying high prediction confidence based on historical patterns",Demand is accelerating: 7-day moving average (24.1) exceeds 30-day baseline (23.5),Low forecast uncertainty: minimal volatility observed in predictions
8,28,102.45,105.07,53.61,94.17,Critical Risk,Strategic Monitoring,61,Medium Priority,Maintain current replenishment levels,Forecasted demand aligns closely with historical baseline levels,"rolling_mean_7 SHAP contribution indicates a strong positive impact of recent sales, verifying high prediction confidence based on historical patterns",Demand is slowing: 7-day moving average (90.9) has fallen below 30-day baseline (91.4),Critical risk of variance: high historical volatility and forecasting residuals
9,11,75.73,71.39,53.61,61.11,High Risk,Strategic Monitoring,62,Medium Priority,Increase inventory by 6.1% to meet predicted demand surge,Forecasted demand is 6.1% higher than historical averages,"rolling_mean_7 SHAP contribution indicates a strong positive impact of recent sales, verifying high prediction confidence based on historical patterns",Demand is slowing: 7-day moving average (65.4) has fallen below 30-day baseline (66.2),Elevated uncertainty: historical sales show significant variance
4,45,83.16,82.6,53.52,72.0,Critical Risk,Strategic Monitoring,63,Medium Priority,Maintain current replenishment levels,Forecasted demand aligns closely with historical baseline levels,"rolling_mean_7 SHAP contribution indicates a strong positive impact of recent sales, verifying high prediction confidence based on historical patterns",Demand is accelerating: 7-day moving average (75.1) exceeds 30-day baseline (71.9),Critical risk of variance: high historical volatility and forecasting residuals
10,22,90.35,88.54,53.5,77.34,Critical Risk,Strategic Monitoring,64,Medium Priority,Maintain current replenishment levels,Forecasted demand aligns closely with historical baseline levels,"rolling_mean_7 SHAP contribution indicates a strong positive impact of recent sales, verifying high prediction confidence based on historical patterns",Demand is slowing: 7-day moving average (78.3) has fallen below 30-day baseline (79.6),Critical risk of variance: high historical volatility and forecasting residuals
4,18,86.71,86.34,53.41,79.95,Critical Risk,Strategic Monitoring,65,Medium Priority,Maintain current replenishment levels,Forecasted demand aligns closely with historical baseline levels,"rolling_mean_7 SHAP contribution indicates a strong positive impact of recent sales, verifying high prediction confidence based on historical patterns",Demand is accelerating: 7-day moving average (77.1) exceeds 30-day baseline (74.5),Critical risk of variance: high historical volatility and forecasting residuals
6,14,46.56,43.42,53.14,36.91,Medium Risk,Stable Demand,66,Medium Priority,Increase inventory by 7.2% to meet predicted demand surge,Forecasted demand is 7.2% higher than historical averages,rolling_mean_7 SHAP contribution indicates a strong positive impact of recent sales,Demand is accelerating: 7-day moving average (40.0) exceeds 30-day baseline (39.2),Moderate uncertainty: stable metrics with minor variance
9,40,31.18,29.98,53.09,23.42,Low Risk,Stable Demand,67,Medium Priority,Maintain current replenishment levels,Forecasted demand aligns closely with historical baseline levels,"rolling_mean_7 SHAP contribution indicates a strong positive impact of recent sales, verifying high prediction confidence based on historical patterns",Demand is accelerating: 7-day moving average (27.1) exceeds 30-day baseline (27.1),Low forecast uncertainty: minimal volatility observed in predictions
1,26,42.95,42.15,52.99,34.35,Medium Risk,Stable Demand,68,Medium Priority,Maintain current replenishment levels,Forecasted demand aligns closely with historical baseline levels,rolling_mean_7 SHAP contribution indicates a strong positive impact of recent sales,Demand is accelerating: 7-day moving average (41.0) exceeds 30-day baseline (37.0),Moderate uncertainty: stable metrics with minor variance
4,13,87.06,86.79,52.93,73.48,Critical Risk,Strategic Monitoring,69,Medium Priority,Maintain current replenishment levels,Forecasted demand aligns closely with historical baseline levels,"rolling_mean_7 SHAP contribution indicates a strong positive impact of recent sales, verifying high prediction confidence based on historical patterns",Demand is accelerating: 7-day moving average (78.9) exceeds 30-day baseline (76.7),Critical risk of variance: high historical volatility and forecasting residuals
7,11,50.5,47.18,52.89,38.61,Medium Risk,Stable Demand,70,Medium Priority,Increase inventory by 7.1% to meet predicted demand surge,Forecasted demand is 7.1% higher than historical averages,rolling_mean_7 SHAP contribution indicates a strong positive impact of recent sales,Demand is accelerating: 7-day moving average (43.7) exceeds 30-day baseline (42.2),Moderate uncertainty: stable metrics with minor variance
7,29,49.24,47.32,52.78,38.8,Medium Risk,Stable Demand,71,Medium Priority,Maintain current replenishment levels,Forecasted demand aligns closely with historical baseline levels,rolling_mean_7 SHAP contribution indicates a strong positive impact of recent sales,Demand is accelerating: 7-day moving average (46.4) exceeds 30-day baseline (42.5),Moderate uncertainty: stable metrics with minor variance
4,36,80.96,79.08,52.78,71.18,Critical Risk,Strategic Monitoring,72,Medium Priority,Maintain current replenishment levels,Forecasted demand aligns closely with historical baseline levels,"rolling_mean_7 SHAP contribution indicates a strong positive impact of recent sales, verifying high prediction confidence based on historical patterns",Demand is accelerating: 7-day moving average (71.9) exceeds 30-day baseline (70.6),Critical risk of variance: high historical volatility and forecasting residuals
6,3,27.06,27.13,52.76,18.82,Low Risk,Stable Demand,73,Medium Priority,Maintain current replenishment levels,Forecasted demand aligns closely with historical baseline levels,"rolling_mean_7 SHAP contribution indicates a strong positive impact of recent sales, verifying high prediction confidence based on historical patterns",Demand is accelerating: 7-day moving average (25.4) exceeds 30-day baseline (23.9),Low forecast uncertainty: minimal volatility observed in predictions
8,20,58.91,56.71,52.53,47.01,Medium Risk,Stable Demand,74,Medium Priority,Maintain current replenishment levels,Forecasted demand aligns closely with historical baseline levels,rolling_mean_7 SHAP contribution indicates a strong positive impact of recent sales,Demand is accelerating: 7-day moving average (56.3) exceeds 30-day baseline (51.7),Moderate uncertainty: stable metrics with minor variance
1,20,44.78,41.82,52.29,34.78,Medium Risk,Stable Demand,75,Medium Priority,Increase inventory by 7.1% to meet predicted demand surge,Forecasted demand is 7.1% higher than historical averages,rolling_mean_7 SHAP contribution indicates a strong positive impact of recent sales,Demand is accelerating: 7-day moving average (38.3) exceeds 30-day baseline (38.2),Moderate uncertainty: stable metrics with minor variance
2,7,74.33,73.26,52.27,65.99,High Risk,Strategic Monitoring,76,Medium Priority,Maintain current replenishment levels,Forecasted demand aligns closely with historical baseline levels,rolling_mean_7 SHAP contribution indicates a strong positive impact of recent sales,Demand is accelerating: 7-day moving average (67.7) exceeds 30-day baseline (63.7),Elevated uncertainty: historical sales show significant variance
9,29,74.09,71.11,52.23,66.93,High Risk,Strategic Monitoring,77,Medium Priority,Maintain current replenishment levels,Forecasted demand aligns closely with historical baseline levels,"rolling_mean_7 SHAP contribution indicates a strong positive impact of recent sales, verifying high prediction confidence based on historical patterns",Demand is accelerating: 7-day moving average (65.1) exceeds 30-day baseline (64.8),Elevated uncertainty: historical sales show significant variance
7,14,42.25,40.09,52.23,30.72,Medium Risk,Stable Demand,78,Medium Priority,Increase inventory by 5.4% to meet predicted demand surge,Forecasted demand is 5.4% higher than historical averages,rolling_mean_7 SHAP contribution indicates a strong positive impact of recent sales,Demand is accelerating: 7-day moving average (36.9) exceeds 30-day baseline (36.1),Moderate uncertainty: stable metrics with minor variance
6,37,22.78,21.95,52.21,10.71,Low Risk,Stable Demand,79,Medium Priority,Maintain current replenishment levels,Forecasted demand aligns closely with historical baseline levels,"rolling_mean_7 SHAP contribution indicates a strong positive impact of recent sales, verifying high prediction confidence based on historical patterns",Demand is slowing: 7-day moving average (19.1) has fallen below 30-day baseline (20.3),Low forecast uncertainty: minimal volatility observed in predictions
8,8,92.51,91.97,52.2,80.61,Critical Risk,Strategic Monitoring,80,Medium Priority,Maintain current replenishment levels,Forecasted demand aligns closely with historical baseline levels,"rolling_mean_7 SHAP contribution indicates a strong positive impact of recent sales, verifying high prediction confidence based on historical patterns",Demand is slowing: 7-day moving average (78.6) has fallen below 30-day baseline (80.4),Critical risk of variance: high historical volatility and forecasting residuals
4,21,41.82,41.38,52.18,35.37,Medium Risk,Stable Demand,81,Medium Priority,Maintain current replenishment levels,Forecasted demand aligns closely with historical baseline levels,rolling_mean_7 SHAP contribution indicates a strong positive impact of recent sales,Demand is accelerating: 7-day moving average (38.3) exceeds 30-day baseline (34.6),Moderate uncertainty: stable metrics with minor variance
1,34,23.02,22.72,52.16,13.32,Low Risk,Stable Demand,82,Medium Priority,Maintain current replenishment levels,Forecasted demand aligns closely with historical baseline levels,"rolling_mean_7 SHAP contribution indicates a strong positive impact of recent sales, verifying high prediction confidence based on historical patterns",Demand is slowing: 7-day moving average (20.4) has fallen below 30-day baseline (20.6),Low forecast uncertainty: minimal volatility observed in predictions
9,45,84.77,82.95,52.11,70.95,Critical Risk,Strategic Monitoring,83,Medium Priority,Maintain current replenishment levels,Forecasted demand aligns closely with historical baseline levels,"rolling_mean_7 SHAP contribution indicates a strong positive impact of recent sales, verifying high prediction confidence based on historical patterns",Demand is slowing: 7-day moving average (72.4) has fallen below 30-day baseline (73.1),Critical risk of variance: high historical volatility and forecasting residuals
3,30,47.14,44.78,52.1,38.58,Medium Risk,Stable Demand,84,Medium Priority,Increase inventory by 5.3% to meet predicted demand surge,Forecasted demand is 5.3% higher than historical averages,rolling_mean_7 SHAP contribution indicates a strong positive impact of recent sales,Demand is accelerating: 7-day moving average (41.4) exceeds 30-day baseline (39.8),Moderate uncertainty: stable metrics with minor variance
5,42,28.04,27.07,52.02,17.75,Low Risk,Stable Demand,85,Medium Priority,Maintain current replenishment levels,Forecasted demand aligns closely with historical baseline levels,"rolling_mean_7 SHAP contribution indicates a strong positive impact of recent sales, verifying high prediction confidence based on historical patterns",Demand is slowing: 7-day moving average (24.4) has fallen below 30-day baseline (25.0),Low forecast uncertainty: minimal volatility observed in predictions
3,29,78.5,77.71,51.99,70.39,Critical Risk,Strategic Monitoring,86,Medium Priority,Maintain current replenishment levels,Forecasted demand aligns closely with historical baseline levels,"rolling_mean_7 SHAP contribution indicates a strong positive impact of recent sales, verifying high prediction confidence based on historical patterns",Demand is accelerating: 7-day moving average (71.0) exceeds 30-day baseline (68.1),Critical risk of variance: high historical volatility and forecasting residuals
6,9,39.64,38.49,51.85,29.76,Low Risk,Stable Demand,87,Medium Priority,Maintain current replenishment levels,Forecasted demand aligns closely with historical baseline levels,rolling_mean_7 SHAP contribution indicates a strong positive impact of recent sales,Demand is accelerating: 7-day moving average (35.6) exceeds 30-day baseline (33.9),Low forecast uncertainty: minimal volatility observed in predictions
9,4,22.63,22.62,51.81,15.04,Low Risk,Stable Demand,88,Medium Priority,Maintain current replenishment levels,Forecasted demand aligns closely with historical baseline levels,"rolling_mean_7 SHAP contribution indicates a strong positive impact of recent sales, verifying high prediction confidence based on historical patterns",Demand is accelerating: 7-day moving average (20.6) exceeds 30-day baseline (20.3),Low forecast uncertainty: minimal volatility observed in predictions
4,19,42.75,41.47,51.55,33.93,Medium Risk,Stable Demand,89,Medium Priority,Maintain current replenishment levels,Forecasted demand aligns closely with historical baseline levels,rolling_mean_7 SHAP contribution indicates a strong positive impact of recent sales,Demand is accelerating: 7-day moving average (39.4) exceeds 30-day baseline (37.3),Moderate uncertainty: stable metrics with minor variance
6,46,45.31,43.6,51.33,33.83,Medium Risk,Stable Demand,90,Medium Priority,Maintain current replenishment levels,Forecasted demand aligns closely with historical baseline levels,rolling_mean_7 SHAP contribution indicates a strong positive impact of recent sales,Demand is accelerating: 7-day moving average (39.6) exceeds 30-day baseline (37.8),Moderate uncertainty: stable metrics with minor variance
8,39,55.29,52.37,51.29,46.97,Medium Risk,Stable Demand,91,Medium Priority,Increase inventory by 5.6% to meet predicted demand surge,Forecasted demand is 5.6% higher than historical averages,rolling_mean_7 SHAP contribution indicates a strong positive impact of recent sales,Demand is accelerating: 7-day moving average (50.3) exceeds 30-day baseline (47.4),Moderate uncertainty: stable metrics with minor variance
7,31,39.78,39.95,51.22,32.75,Medium Risk,Stable Demand,92,Medium Priority,Maintain current replenishment levels,Forecasted demand aligns closely with historical baseline levels,rolling_mean_7 SHAP contribution indicates a strong positive impact of recent sales,Demand is accelerating: 7-day moving average (38.0) exceeds 30-day baseline (34.4),Moderate uncertainty: stable metrics with minor variance
8,15,101.36,105.47,51.13,94.57,Critical Risk,Strategic Monitoring,93,Medium Priority,Maintain current replenishment levels,Forecasted demand aligns closely with historical baseline levels,"rolling_mean_7 SHAP contribution indicates a strong positive impact of recent sales, verifying high prediction confidence based on historical patterns",Demand is slowing: 7-day moving average (90.3) has fallen below 30-day baseline (91.4),Critical risk of variance: high historical volatility and forecasting residuals
8,25,91.22,96.94,51.04,81.77,Critical Risk,Strategic Monitoring,94,Medium Priority,Reduce procurement volume by 5.9% to prevent inventory bloat,Forecasted demand is 5.9% lower than historical averages,"rolling_mean_7 SHAP contribution indicates a strong positive impact of recent sales, verifying high prediction confidence based on historical patterns",Demand is accelerating: 7-day moving average (88.4) exceeds 30-day baseline (82.0),Critical risk of variance: high historical volatility and forecasting residuals
4,12,72.5,71.43,51.04,63.18,High Risk,Strategic Monitoring,95,Medium Priority,Maintain current replenishment levels,Forecasted demand aligns closely with historical baseline levels,"rolling_mean_7 SHAP contribution indicates a strong positive impact of recent sales, verifying high prediction confidence based on historical patterns",Demand is accelerating: 7-day moving average (67.6) exceeds 30-day baseline (65.1),Elevated uncertainty: historical sales show significant variance
8,47,26.23,26.49,51.03,17.77,Low Risk,Stable Demand,96,Medium Priority,Maintain current replenishment levels,Forecasted demand aligns closely with historical baseline levels,"rolling_mean_7 SHAP contribution indicates a strong positive impact of recent sales, verifying high prediction confidence based on historical patterns",Demand is accelerating: 7-day moving average (24.4) exceeds 30-day baseline (23.3),Low forecast uncertainty: minimal volatility observed in predictions
9,28,87.85,90.59,50.96,78.59,Critical Risk,Strategic Monitoring,97,Medium Priority,Maintain current replenishment levels,Forecasted demand aligns closely with historical baseline levels,"rolling_mean_7 SHAP contribution indicates a strong positive impact of recent sales, verifying high prediction confidence based on historical patterns",Demand is accelerating: 7-day moving average (81.9) exceeds 30-day baseline (79.3),Critical risk of variance: high historical volatility and forecasting residuals
7,19,26.99,27.49,50.82,18.6,Low Risk,Stable Demand,98,Medium Priority,Maintain current replenishment levels,Forecasted demand aligns closely with historical baseline levels,"rolling_mean_7 SHAP contribution indicates a strong positive impact of recent sales, verifying high prediction confidence based on historical patterns",Demand is accelerating: 7-day moving average (24.9) exceeds 30-day baseline (23.5),Low forecast uncertainty: minimal volatility observed in predictions
4,15,91.46,90.39,50.8,80.75,Critical Risk,Strategic Monitoring,99,Medium Priority,Maintain current replenishment levels,Forecasted demand aligns closely with historical baseline levels,"rolling_mean_7 SHAP contribution indicates a strong positive impact of recent sales, verifying high prediction confidence based on historical patterns",Demand is slowing: 7-day moving average (77.4) has fallen below 30-day baseline (80.9),Critical risk of variance: high historical volatility and forecasting residuals
9,1,21.53,22.73,50.78,12.32,Low Risk,Stable Demand,100,Medium Priority,Reduce procurement volume by 5.3% to prevent inventory bloat,Forecasted demand is 5.3% lower than historical averages,"rolling_mean_7 SHAP contribution indicates a strong positive impact of recent sales, verifying high prediction confidence based on historical patterns",Demand is accelerating: 7-day moving average (20.9) exceeds 30-day baseline (19.2),Low forecast uncertainty: minimal volatility observed in predictions
7,49,19.68,19.9,50.74,11.68,Low Risk,Stable Demand,101,Medium Priority,Maintain current replenishment levels,Forecasted demand aligns closely with historical baseline levels,"rolling_mean_7 SHAP contribution indicates a strong positive impact of recent sales, verifying high prediction confidence based on historical patterns",Demand is slowing: 7-day moving average (17.6) has fallen below 30-day baseline (17.7),Low forecast uncertainty: minimal volatility observed in predictions
6,47,16.86,16.32,50.72,4.4,Low Risk,Stable Demand,102,Medium Priority,Maintain current replenishment levels,Forecasted demand aligns closely with historical baseline levels,"rolling_mean_7 SHAP contribution indicates a strong positive impact of recent sales, verifying high prediction confidence based on historical patterns",Demand is slowing: 7-day moving average (13.4) has fallen below 30-day baseline (15.2),Low forecast uncertainty: minimal volatility observed in predictions
4,38,82.35,82.54,50.7,69.76,High Risk,Strategic Monitoring,103,Medium Priority,Maintain current replenishment levels,Forecasted demand aligns closely with historical baseline levels,"rolling_mean_7 SHAP contribution indicates a strong positive impact of recent sales, verifying high prediction confidence based on historical patterns",Demand is accelerating: 7-day moving average (74.6) exceeds 30-day baseline (72.6),Elevated uncertainty: historical sales show significant variance
6,18,63.4,62.06,50.69,55.22,High Risk,Strategic Monitoring,104,Medium Priority,Maintain current replenishment levels,Forecasted demand aligns closely with historical baseline levels,rolling_mean_7 SHAP contribution indicates a strong positive impact of recent sales,Demand is accelerating: 7-day moving average (59.1) exceeds 30-day baseline (55.3),Elevated uncertainty: historical sales show significant variance
10,38,89.3,88.04,50.62,78.88,Critical Risk,Strategic Monitoring,105,Medium Priority,Maintain current replenishment levels,Forecasted demand aligns closely with historical baseline levels,"rolling_mean_7 SHAP contribution indicates a strong positive impact of recent sales, verifying high prediction confidence based on historical patterns",Demand is slowing: 7-day moving average (76.9) has fallen below 30-day baseline (80.4),Critical risk of variance: high historical volatility and forecasting residuals
1,4,18.85,19.57,50.6,8.74,Low Risk,Stable Demand,106,Medium Priority,Maintain current replenishment levels,Forecasted demand aligns closely with historical baseline levels,"rolling_mean_7 SHAP contribution indicates a strong positive impact of recent sales, verifying high prediction confidence based on historical patterns",Demand is accelerating: 7-day moving average (16.7) exceeds 30-day baseline (16.1),Low forecast uncertainty: minimal volatility observed in predictions
6,2,44.25,43.28,50.52,34.73,Medium Risk,Stable Demand,107,Medium Priority,Maintain current replenishment levels,Forecasted demand aligns closely with historical baseline levels,rolling_mean_7 SHAP contribution indicates a strong positive impact of recent sales,Demand is accelerating: 7-day moving average (40.4) exceeds 30-day baseline (37.6),Moderate uncertainty: stable metrics with minor variance
2,13,99.07,105.38,50.45,92.69,Critical Risk,Strategic Monitoring,108,Medium Priority,Reduce procurement volume by 6.0% to prevent inventory bloat,Forecasted demand is 6.0% lower than historical averages,"rolling_mean_7 SHAP contribution indicates a strong positive impact of recent sales, verifying high prediction confidence based on historical patterns",Demand is accelerating: 7-day moving average (93.3) exceeds 30-day baseline (91.6),Critical risk of variance: high historical volatility and forecasting residuals
2,8,91.13,96.84,50.42,81.34,Critical Risk,Strategic Monitoring,109,Medium Priority,Reduce procurement volume by 5.9% to prevent inventory bloat,Forecasted demand is 5.9% lower than historical averages,"rolling_mean_7 SHAP contribution indicates a strong positive impact of recent sales, verifying high prediction confidence based on historical patterns",Demand is accelerating: 7-day moving average (90.3) exceeds 30-day baseline (85.6),Critical risk of variance: high historical volatility and forecasting residuals
8,11,84.95,83.51,50.42,70.47,Critical Risk,Strategic Monitoring,110,Medium Priority,Maintain current replenishment levels,Forecasted demand aligns closely with historical baseline levels,"rolling_mean_7 SHAP contribution indicates a strong positive impact of recent sales, verifying high prediction confidence based on historical patterns",Demand is slowing: 7-day moving average (74.0) has fallen below 30-day baseline (76.0),Critical risk of variance: high historical volatility and forecasting residuals
3,12,78.03,77.23,50.4,65.84,High Risk,Strategic Monitoring,111,Medium Priority,Maintain current replenishment levels,Forecasted demand aligns closely with historical baseline levels,"rolling_mean_7 SHAP contribution indicates a strong positive impact of recent sales, verifying high prediction confidence based on historical patterns",Demand is accelerating: 7-day moving average (69.4) exceeds 30-day baseline (67.9),Elevated uncertainty: historical sales show significant variance
5,38,61.74,59.9,50.38,51.78,High Risk,Strategic Monitoring,112,Medium Priority,Maintain current replenishment levels,Forecasted demand aligns closely with historical baseline levels,rolling_mean_7 SHAP contribution indicates a strong positive impact of recent sales,Demand is accelerating: 7-day moving average (57.0) exceeds 30-day baseline (53.6),Elevated uncertainty: historical sales show significant variance
5,28,67.06,65.41,50.29,54.51,High Risk,Strategic Monitoring,113,Medium Priority,Maintain current replenishment levels,Forecasted demand aligns closely with historical baseline levels,rolling_mean_7 SHAP contribution indicates a strong positive impact of recent sales,Demand is accelerating: 7-day moving average (60.1) exceeds 30-day baseline (57.2),Elevated uncertainty: historical sales show significant variance
6,44,21.27,21.81,50.27,13.39,Low Risk,Stable Demand,114,Medium Priority,Maintain current replenishment levels,Forecasted demand aligns closely with historical baseline levels,"rolling_mean_7 SHAP contribution indicates a strong positive impact of recent sales, verifying high prediction confidence based on historical patterns",Demand is accelerating: 7-day moving average (19.6) exceeds 30-day baseline (18.9),Low forecast uncertainty: minimal volatility observed in predictions
1,45,71.95,71.11,50.19,62.04,High Risk,Strategic Monitoring,115,Medium Priority,Maintain current replenishment levels,Forecasted demand aligns closely with historical baseline levels,rolling_mean_7 SHAP contribution indicates a strong positive impact of recent sales,Demand is accelerating: 7-day moving average (65.4) exceeds 30-day baseline (62.2),Elevated uncertainty: historical sales show significant variance
6,19,30.56,29.76,50.18,20.41,Low Risk,Stable Demand,116,Medium Priority,Maintain current replenishment levels,Forecasted demand aligns closely with historical baseline levels,"rolling_mean_7 SHAP contribution indicates a strong positive impact of recent sales, verifying high prediction confidence based on historical patterns",Demand is slowing: 7-day moving average (26.7) has fallen below 30-day baseline (27.3),Low forecast uncertainty: minimal volatility observed in predictions
5,37,20.3,21.73,50.15,10.37,Low Risk,Stable Demand,117,Medium Priority,Reduce procurement volume by 6.6% to prevent inventory bloat,Forecasted demand is 6.6% lower than historical averages,"rolling_mean_7 SHAP contribution indicates a strong positive impact of recent sales, verifying high prediction confidence based on historical patterns",Demand is accelerating: 7-day moving average (19.6) exceeds 30-day baseline (17.6),Low forecast uncertainty: minimal volatility observed in predictions
10,15,93.85,96.73,50.11,79.79,Critical Risk,Strategic Monitoring,118,Medium Priority,Maintain current replenishment levels,Forecasted demand aligns closely with historical baseline levels,"rolling_mean_7 SHAP contribution indicates a strong positive impact of recent sales, verifying high prediction confidence based on historical patterns",Demand is slowing: 7-day moving average (85.0) has fallen below 30-day baseline (85.7),Critical risk of variance: high historical volatility and forecasting residuals
7,13,60.09,57.06,50.06,51.05,High Risk,Strategic Monitoring,119,Medium Priority,Increase inventory by 5.3% to meet predicted demand surge,Forecasted demand is 5.3% higher than historical averages,rolling_mean_7 SHAP contribution indicates a strong positive impact of recent sales,Demand is accelerating: 7-day moving average (53.7) exceeds 30-day baseline (52.0),Elevated uncertainty: historical sales show significant variance
8,13,95.48,101.38,50.04,88.59,Critical Risk,Strategic Monitoring,120,Medium Priority,Reduce procurement volume by 5.8% to prevent inventory bloat,Forecasted demand is 5.8% lower than historical averages,"rolling_mean_7 SHAP contribution indicates a strong positive impact of recent sales, verifying high prediction confidence based on historical patterns",Demand is accelerating: 7-day moving average (90.6) exceeds 30-day baseline (88.5),Critical risk of variance: high historical volatility and forecasting residuals
1,5,15.78,16.25,49.87,3.85,Low Risk,Stable Demand,121,Medium Priority,Maintain current replenishment levels,Forecasted demand aligns closely with historical baseline levels,"rolling_mean_7 SHAP contribution indicates a strong positive impact of recent sales, verifying high prediction confidence based on historical patterns",Demand is slowing: 7-day moving average (13.9) has fallen below 30-day baseline (14.0),Low forecast uncertainty: minimal volatility observed in predictions
7,37,19.19,19.78,49.85,10.0,Low Risk,Stable Demand,122,Medium Priority,Maintain current replenishment levels,Forecasted demand aligns closely with historical baseline levels,"rolling_mean_7 SHAP contribution indicates a strong positive impact of recent sales, verifying high prediction confidence based on historical patterns",Demand is accelerating: 7-day moving average (17.4) exceeds 30-day baseline (17.1),Low forecast uncertainty: minimal volatility observed in predictions
8,9,63.07,61.5,49.82,56.02,High Risk,Strategic Monitoring,123,Medium Priority,Maintain current replenishment levels,Forecasted demand aligns closely with historical baseline levels,rolling_mean_7 SHAP contribution indicates a strong positive impact of recent sales,Demand is accelerating: 7-day moving average (57.6) exceeds 30-day baseline (54.5),Elevated uncertainty: historical sales show significant variance
5,39,31.06,32.43,49.75,27.89,Low Risk,Stable Demand,124,Medium Priority,Maintain current replenishment levels,Forecasted demand aligns closely with historical baseline levels,"rolling_mean_7 SHAP contribution indicates a strong positive impact of recent sales, verifying high prediction confidence based on historical patterns",Demand is accelerating: 7-day moving average (29.3) exceeds 30-day baseline (26.3),Low forecast uncertainty: minimal volatility observed in predictions
5,48,39.75,38.33,49.7,29.14,Low Risk,Stable Demand,125,Medium Priority,Maintain current replenishment levels,Forecasted demand aligns closely with historical baseline levels,rolling_mean_7 SHAP contribution indicates a strong positive impact of recent sales,Demand is accelerating: 7-day moving average (35.1) exceeds 30-day baseline (35.1),Low forecast uncertainty: minimal volatility observed in predictions
9,35,69.8,67.97,49.69,58.48,High Risk,Strategic Monitoring,126,Medium Priority,Maintain current replenishment levels,Forecasted demand aligns closely with historical baseline levels,rolling_mean_7 SHAP contribution indicates a strong positive impact of recent sales,Demand is accelerating: 7-day moving average (61.7) exceeds 30-day baseline (60.1),Elevated uncertainty: historical sales show significant variance
1,39,39.58,38.73,49.6,33.95,Medium Risk,Stable Demand,127,Medium Priority,Maintain current replenishment levels,Forecasted demand aligns closely with historical baseline levels,rolling_mean_7 SHAP contribution indicates a strong positive impact of recent sales,Demand is accelerating: 7-day moving average (34.9) exceeds 30-day baseline (34.0),Moderate uncertainty: stable metrics with minor variance
2,38,95.03,100.7,49.59,89.57,Critical Risk,Strategic Monitoring,128,Medium Priority,Reduce procurement volume by 5.6% to prevent inventory bloat,Forecasted demand is 5.6% lower than historical averages,"rolling_mean_7 SHAP contribution indicates a strong positive impact of recent sales, verifying high prediction confidence based on historical patterns",Demand is accelerating: 7-day moving average (90.9) exceeds 30-day baseline (88.9),Critical risk of variance: high historical volatility and forecasting residuals
8,19,49.68,48.1,49.55,40.0,Medium Risk,Stable Demand,129,Medium Priority,Maintain current replenishment levels,Forecasted demand aligns closely with historical baseline levels,rolling_mean_7 SHAP contribution indicates a strong positive impact of recent sales,Demand is accelerating: 7-day moving average (45.4) exceeds 30-day baseline (42.9),Moderate uncertainty: stable metrics with minor variance
7,40,19.21,19.9,49.52,9.19,Low Risk,Stable Demand,130,Medium Priority,Maintain current replenishment levels,Forecasted demand aligns closely with historical baseline levels,"rolling_mean_7 SHAP contribution indicates a strong positive impact of recent sales, verifying high prediction confidence based on historical patterns",Demand is accelerating: 7-day moving average (17.6) exceeds 30-day baseline (17.2),Low forecast uncertainty: minimal volatility observed in predictions
10,24,73.72,72.76,49.51,62.87,High Risk,Strategic Monitoring,131,Medium Priority,Maintain current replenishment levels,Forecasted demand aligns closely with historical baseline levels,"rolling_mean_7 SHAP contribution indicates a strong positive impact of recent sales, verifying high prediction confidence based on historical patterns",Demand is accelerating: 7-day moving average (66.7) exceeds 30-day baseline (65.4),Elevated uncertainty: historical sales show significant variance
10,13,91.14,92.44,49.5,81.27,Critical Risk,Strategic Monitoring,132,Medium Priority,Maintain current replenishment levels,Forecasted demand aligns closely with historical baseline levels,"rolling_mean_7 SHAP contribution indicates a strong positive impact of recent sales, verifying high prediction confidence based on historical patterns",Demand is slowing: 7-day moving average (79.4) has fallen below 30-day baseline (80.7),Critical risk of variance: high historical volatility and forecasting residuals
5,5,13.56,13.7,49.29,2.05,Low Risk,Stable Demand,133,Medium Priority,Maintain current replenishment levels,Forecasted demand aligns closely with historical baseline levels,"rolling_mean_7 SHAP contribution indicates a strong positive impact of recent sales, verifying high prediction confidence based on historical patterns",Demand is slowing: 7-day moving average (11.6) has fallen below 30-day baseline (12.7),Low forecast uncertainty: minimal volatility observed in predictions
5,3,27.42,27.19,49.25,17.96,Low Risk,Stable Demand,134,Medium Priority,Maintain current replenishment levels,Forecasted demand aligns closely with historical baseline levels,"rolling_mean_7 SHAP contribution indicates a strong positive impact of recent sales, verifying high prediction confidence based on historical patterns",Demand is slowing: 7-day moving average (24.0) has fallen below 30-day baseline (24.4),Low forecast uncertainty: minimal volatility observed in predictions
2,40,36.35,36.69,49.23,28.85,Low Risk,Stable Demand,135,Medium Priority,Maintain current replenishment levels,Forecasted demand aligns closely with historical baseline levels,rolling_mean_7 SHAP contribution indicates a strong positive impact of recent sales,Demand is accelerating: 7-day moving average (33.3) exceeds 30-day baseline (31.1),Low forecast uncertainty: minimal volatility observed in predictions
1,44,25.5,25.82,49.22,18.34,Low Risk,Stable Demand,136,Medium Priority,Maintain current replenishment levels,Forecasted demand aligns closely with historical baseline levels,"rolling_mean_7 SHAP contribution indicates a strong positive impact of recent sales, verifying high prediction confidence based on historical patterns",Demand is accelerating: 7-day moving average (23.4) exceeds 30-day baseline (23.1),Low forecast uncertainty: minimal volatility observed in predictions
4,39,46.71,45.01,49.1,40.5,Medium Risk,Stable Demand,137,Medium Priority,Maintain current replenishment levels,Forecasted demand aligns closely with historical baseline levels,rolling_mean_7 SHAP contribution indicates a strong positive impact of recent sales,Demand is accelerating: 7-day moving average (41.0) exceeds 30-day baseline (40.2),Moderate uncertainty: stable metrics with minor variance
5,47,16.05,16.32,49.05,6.67,Low Risk,Stable Demand,138,Medium Priority,Maintain current replenishment levels,Forecasted demand aligns closely with historical baseline levels,"rolling_mean_7 SHAP contribution indicates a strong positive impact of recent sales, verifying high prediction confidence based on historical patterns",Demand is slowing: 7-day moving average (14.1) has fallen below 30-day baseline (14.8),Low forecast uncertainty: minimal volatility observed in predictions
10,45,87.07,88.32,48.98,77.72,Critical Risk,Strategic Monitoring,139,Medium Priority,Maintain current replenishment levels,Forecasted demand aligns closely with historical baseline levels,"rolling_mean_7 SHAP contribution indicates a strong positive impact of recent sales, verifying high prediction confidence based on historical patterns",Demand is slowing: 7-day moving average (76.6) has fallen below 30-day baseline (76.7),Critical risk of variance: high historical volatility and forecasting residuals
7,48,35.49,34.71,48.94,26.86,Low Risk,Stable Demand,140,Medium Priority,Maintain current replenishment levels,Forecasted demand aligns closely with historical baseline levels,rolling_mean_7 SHAP contribution indicates a strong positive impact of recent sales,Demand is slowing: 7-day moving average (30.7) has fallen below 30-day baseline (30.9),Low forecast uncertainty: minimal volatility observed in predictions
4,27,21.76,22.59,48.93,13.47,Low Risk,Stable Demand,141,Medium Priority,Maintain current replenishment levels,Forecasted demand aligns closely with historical baseline levels,"rolling_mean_7 SHAP contribution indicates a strong positive impact of recent sales, verifying high prediction confidence based on historical patterns",Demand is accelerating: 7-day moving average (19.9) exceeds 30-day baseline (19.1),Low forecast uncertainty: minimal volatility observed in predictions
10,37,32.03,32.04,48.91,23.51,Low Risk,Stable Demand,142,Medium Priority,Maintain current replenishment levels,Forecasted demand aligns closely with historical baseline levels,"rolling_mean_7 SHAP contribution indicates a strong positive impact of recent sales, verifying high prediction confidence based on historical patterns",Demand is accelerating: 7-day moving average (29.9) exceeds 30-day baseline (29.2),Low forecast uncertainty: minimal volatility observed in predictions
6,13,62.74,62.67,48.87,56.54,High Risk,Strategic Monitoring,143,Medium Priority,Maintain current replenishment levels,Forecasted demand aligns closely with historical baseline levels,rolling_mean_7 SHAP contribution indicates a strong positive impact of recent sales,Demand is accelerating: 7-day moving average (58.1) exceeds 30-day baseline (53.5),Elevated uncertainty: historical sales show significant variance
3,22,89.19,89.84,48.8,75.68,Critical Risk,Strategic Monitoring,144,Medium Priority,Maintain current replenishment levels,Forecasted demand aligns closely with historical baseline levels,"rolling_mean_7 SHAP contribution indicates a strong positive impact of recent sales, verifying high prediction confidence based on historical patterns",Demand is slowing: 7-day moving average (75.1) has fallen below 30-day baseline (76.7),Critical risk of variance: high historical volatility and forecasting residuals
10,5,19.98,20.12,48.71,10.67,Low Risk,Stable Demand,145,Medium Priority,Maintain current replenishment levels,Forecasted demand aligns closely with historical baseline levels,"rolling_mean_7 SHAP contribution indicates a strong positive impact of recent sales, verifying high prediction confidence based on historical patterns",Demand is slowing: 7-day moving average (17.7) has fallen below 30-day baseline (18.4),Low forecast uncertainty: minimal volatility observed in predictions
2,29,85.63,86.81,48.64,73.51,Critical Risk,Strategic Monitoring,146,Medium Priority,Maintain current replenishment levels,Forecasted demand aligns closely with historical baseline levels,"rolling_mean_7 SHAP contribution indicates a strong positive impact of recent sales, verifying high prediction confidence based on historical patterns",Demand is slowing: 7-day moving average (75.1) has fallen below 30-day baseline (75.2),Critical risk of variance: high historical volatility and forecasting residuals
8,1,26.15,26.39,48.63,19.92,Low Risk,Stable Demand,147,Medium Priority,Maintain current replenishment levels,Forecasted demand aligns closely with historical baseline levels,"rolling_mean_7 SHAP contribution indicates a strong positive impact of recent sales, verifying high prediction confidence based on historical patterns",Demand is slowing: 7-day moving average (23.3) has fallen below 30-day baseline (23.3),Low forecast uncertainty: minimal volatility observed in predictions
8,24,79.36,79.37,48.58,70.05,Critical Risk,Strategic Monitoring,148,Medium Priority,Maintain current replenishment levels,Forecasted demand aligns closely with historical baseline levels,"rolling_mean_7 SHAP contribution indicates a strong positive impact of recent sales, verifying high prediction confidence based on historical patterns",Demand is accelerating: 7-day moving average (70.3) exceeds 30-day baseline (69.8),Critical risk of variance: high historical volatility and forecasting residuals
2,25,95.53,101.14,48.49,89.93,Critical Risk,Strategic Monitoring,149,Medium Priority,Reduce procurement volume by 5.5% to prevent inventory bloat,Forecasted demand is 5.5% lower than historical averages,"rolling_mean_7 SHAP contribution indicates a strong positive impact of recent sales, verifying high prediction confidence based on historical patterns",Demand is accelerating: 7-day moving average (88.3) exceeds 30-day baseline (87.8),Critical risk of variance: high historical volatility and forecasting residuals
3,23,32.57,32.58,48.45,22.53,Low Risk,Stable Demand,150,Medium Priority,Maintain current replenishment levels,Forecasted demand aligns closely with historical baseline levels,"rolling_mean_7 SHAP contribution indicates a strong positive impact of recent sales, verifying high prediction confidence based on historical patterns",Demand is accelerating: 7-day moving average (29.3) exceeds 30-day baseline (28.7),Low forecast uncertainty: minimal volatility observed in predictions
4,40,30.37,29.79,48.34,21.98,Low Risk,Stable Demand,151,Medium Priority,Maintain current replenishment levels,Forecasted demand aligns closely with historical baseline levels,"rolling_mean_7 SHAP contribution indicates a strong positive impact of recent sales, verifying high prediction confidence based on historical patterns",Demand is slowing: 7-day moving average (26.1) has fallen below 30-day baseline (27.1),Low forecast uncertainty: minimal volatility observed in predictions
4,32,46.74,44.93,48.33,39.14,Medium Risk,Stable Demand,152,Medium Priority,Maintain current replenishment levels,Forecasted demand aligns closely with historical baseline levels,rolling_mean_7 SHAP contribution indicates a strong positive impact of recent sales,Demand is accelerating: 7-day moving average (39.7) exceeds 30-day baseline (39.5),Moderate uncertainty: stable metrics with minor variance
3,46,67.75,65.04,48.3,54.8,High Risk,Strategic Monitoring,153,Medium Priority,Maintain current replenishment levels,Forecasted demand aligns closely with historical baseline levels,rolling_mean_7 SHAP contribution indicates a strong positive impact of recent sales,Demand is slowing: 7-day moving average (59.1) has fallen below 30-day baseline (60.0),Elevated uncertainty: historical sales show significant variance
5,10,56.09,54.08,48.15,43.99,Medium Risk,Stable Demand,154,Medium Priority,Maintain current replenishment levels,Forecasted demand aligns closely with historical baseline levels,rolling_mean_7 SHAP contribution indicates a strong positive impact of recent sales,Demand is accelerating: 7-day moving average (49.7) exceeds 30-day baseline (47.3),Moderate uncertainty: stable metrics with minor variance
6,20,36.16,35.36,48.05,26.44,Low Risk,Stable Demand,155,Medium Priority,Maintain current replenishment levels,Forecasted demand aligns closely with historical baseline levels,rolling_mean_7 SHAP contribution indicates a strong positive impact of recent sales,Demand is slowing: 7-day moving average (31.6) has fallen below 30-day baseline (32.0),Low forecast uncertainty: minimal volatility observed in predictions
3,17,36.73,36.89,48.03,28.18,Low Risk,Stable Demand,156,Medium Priority,Maintain current replenishment levels,Forecasted demand aligns closely with historical baseline levels,rolling_mean_7 SHAP contribution indicates a strong positive impact of recent sales,Demand is accelerating: 7-day moving average (33.3) exceeds 30-day baseline (32.0),Low forecast uncertainty: minimal volatility observed in predictions
2,18,98.57,105.27,47.82,96.12,Critical Risk,Strategic Monitoring,157,Medium Priority,Reduce procurement volume by 6.4% to prevent inventory bloat,Forecasted demand is 6.4% lower than historical averages,"rolling_mean_7 SHAP contribution indicates a strong positive impact of recent sales, verifying high prediction confidence based on historical patterns",Demand is slowing: 7-day moving average (92.1) has fallen below 30-day baseline (93.3),Critical risk of variance: high historical volatility and forecasting residuals
3,48,58.77,57.43,47.81,50.54,High Risk,Strategic Monitoring,158,Medium Priority,Maintain current replenishment levels,Forecasted demand aligns closely with historical baseline levels,rolling_mean_7 SHAP contribution indicates a strong positive impact of recent sales,Demand is accelerating: 7-day moving average (53.4) exceeds 30-day baseline (50.6),Elevated uncertainty: historical sales show significant variance
1,48,46.14,45.39,47.79,36.82,Medium Risk,Stable Demand,159,Medium Priority,Maintain current replenishment levels,Forecasted demand aligns closely with historical baseline levels,rolling_mean_7 SHAP contribution indicates a strong positive impact of recent sales,Demand is accelerating: 7-day moving average (41.0) exceeds 30-day baseline (39.3),Moderate uncertainty: stable metrics with minor variance
2,31,73.65,73.62,47.78,65.21,High Risk,Strategic Monitoring,160,Medium Priority,Maintain current replenishment levels,Forecasted demand aligns closely with historical baseline levels,rolling_mean_7 SHAP contribution indicates a strong positive impact of recent sales,Demand is accelerating: 7-day moving average (66.3) exceeds 30-day baseline (64.5),Elevated uncertainty: historical sales show significant variance
8,29,83.65,83.13,47.68,74.89,Critical Risk,Strategic Monitoring,161,Medium Priority,Maintain current replenishment levels,Forecasted demand aligns closely with historical baseline levels,"rolling_mean_7 SHAP contribution indicates a strong positive impact of recent sales, verifying high prediction confidence based on historical patterns",Demand is slowing: 7-day moving average (71.4) has fallen below 30-day baseline (75.0),Critical risk of variance: high historical volatility and forecasting residuals
9,38,80.96,82.49,47.62,71.85,Critical Risk,Strategic Monitoring,162,Medium Priority,Maintain current replenishment levels,Forecasted demand aligns closely with historical baseline levels,"rolling_mean_7 SHAP contribution indicates a strong positive impact of recent sales, verifying high prediction confidence based on historical patterns",Demand is accelerating: 7-day moving average (72.6) exceeds 30-day baseline (71.4),Critical risk of variance: high historical volatility and forecasting residuals
8,45,91.69,96.78,47.57,82.73,Critical Risk,Strategic Monitoring,163,Medium Priority,Reduce procurement volume by 5.3% to prevent inventory bloat,Forecasted demand is 5.3% lower than historical averages,"rolling_mean_7 SHAP contribution indicates a strong positive impact of recent sales, verifying high prediction confidence based on historical patterns",Demand is accelerating: 7-day moving average (83.6) exceeds 30-day baseline (82.0),Critical risk of variance: high historical volatility and forecasting residuals
8,31,70.83,70.34,47.53,62.11,High Risk,Strategic Monitoring,164,Medium Priority,Maintain current replenishment levels,Forecasted demand aligns closely with historical baseline levels,rolling_mean_7 SHAP contribution indicates a strong positive impact of recent sales,Demand is accelerating: 7-day moving average (64.1) exceeds 30-day baseline (62.9),Elevated uncertainty: historical sales show significant variance
4,34,26.76,26.31,47.5,19.03,Low Risk,Stable Demand,165,Medium Priority,Maintain current replenishment levels,Forecasted demand aligns closely with historical baseline levels,"rolling_mean_7 SHAP contribution indicates a strong positive impact of recent sales, verifying high prediction confidence based on historical patterns",Demand is slowing: 7-day moving average (22.4) has fallen below 30-day baseline (24.1),Low forecast uncertainty: minimal volatility observed in predictions
7,45,55.58,54.51,47.44,45.3,Medium Risk,Stable Demand,166,Medium Priority,Maintain current replenishment levels,Forecasted demand aligns closely with historical baseline levels,rolling_mean_7 SHAP contribution indicates a strong positive impact of recent sales,Demand is accelerating: 7-day moving average (50.1) exceeds 30-day baseline (47.1),Moderate uncertainty: stable metrics with minor variance
9,32,46.31,45.24,47.42,36.91,Medium Risk,Stable Demand,167,Medium Priority,Maintain current replenishment levels,Forecasted demand aligns closely with historical baseline levels,rolling_mean_7 SHAP contribution indicates a strong positive impact of recent sales,Demand is accelerating: 7-day moving average (40.4) exceeds 30-day baseline (39.4),Moderate uncertainty: stable metrics with minor variance
6,50,49.65,49.36,47.42,39.36,Medium Risk,Stable Demand,168,Medium Priority,Maintain current replenishment levels,Forecasted demand aligns closely with historical baseline levels,rolling_mean_7 SHAP contribution indicates a strong positive impact of recent sales,Demand is accelerating: 7-day moving average (46.1) exceeds 30-day baseline (42.6),Moderate uncertainty: stable metrics with minor variance
4,5,18.74,19.15,47.37,8.99,Low Risk,Stable Demand,169,Medium Priority,Maintain current replenishment levels,Forecasted demand aligns closely with historical baseline levels,"rolling_mean_7 SHAP contribution indicates a strong positive impact of recent sales, verifying high prediction confidence based on historical patterns",Demand is slowing: 7-day moving average (15.7) has fallen below 30-day baseline (16.5),Low forecast uncertainty: minimal volatility observed in predictions
5,32,31.2,32.39,47.21,22.63,Low Risk,Stable Demand,170,Medium Priority,Maintain current replenishment levels,Forecasted demand aligns closely with historical baseline levels,"rolling_mean_7 SHAP contribution indicates a strong positive impact of recent sales, verifying high prediction confidence based on historical patterns",Demand is accelerating: 7-day moving average (30.3) exceeds 30-day baseline (28.4),Low forecast uncertainty: minimal volatility observed in predictions
6,12,52.73,51.66,47.19,44.29,Medium Risk,Stable Demand,171,Medium Priority,Maintain current replenishment levels,Forecasted demand aligns closely with historical baseline levels,rolling_mean_7 SHAP contribution indicates a strong positive impact of recent sales,Demand is accelerating: 7-day moving average (47.7) exceeds 30-day baseline (45.6),Moderate uncertainty: stable metrics with minor variance
8,46,70.39,70.35,47.15,57.71,High Risk,Strategic Monitoring,172,Medium Priority,Maintain current replenishment levels,Forecasted demand aligns closely with historical baseline levels,rolling_mean_7 SHAP contribution indicates a strong positive impact of recent sales,Demand is accelerating: 7-day moving average (64.4) exceeds 30-day baseline (62.5),Elevated uncertainty: historical sales show significant variance
1,2,53.76,51.89,47.13,44.37,Medium Risk,Stable Demand,173,Medium Priority,Maintain current replenishment levels,Forecasted demand aligns closely with historical baseline levels,rolling_mean_7 SHAP contribution indicates a strong positive impact of recent sales,Demand is accelerating: 7-day moving average (48.3) exceeds 30-day baseline (46.9),Moderate uncertainty: stable metrics with minor variance
3,36,84.66,85.62,47.11,75.72,Critical Risk,Strategic Monitoring,174,Medium Priority,Maintain current replenishment levels,Forecasted demand aligns closely with historical baseline levels,"rolling_mean_7 SHAP contribution indicates a strong positive impact of recent sales, verifying high prediction confidence based on historical patterns",Demand is slowing: 7-day moving average (72.7) has fallen below 30-day baseline (74.1),Critical risk of variance: high historical volatility and forecasting residuals
2,32,57.3,55.33,47.11,50.57,High Risk,Strategic Monitoring,175,Medium Priority,Maintain current replenishment levels,Forecasted demand aligns closely with historical baseline levels,rolling_mean_7 SHAP contribution indicates a strong positive impact of recent sales,Demand is accelerating: 7-day moving average (50.7) exceeds 30-day baseline (49.5),Elevated uncertainty: historical sales show significant variance
2,11,86.39,86.9,47.02,71.93,Critical Risk,Strategic Monitoring,176,Medium Priority,Maintain current replenishment levels,Forecasted demand aligns closely with historical baseline levels,"rolling_mean_7 SHAP contribution indicates a strong positive impact of recent sales, verifying high prediction confidence based on historical patterns",Demand is slowing: 7-day moving average (73.4) has fallen below 30-day baseline (76.4),Critical risk of variance: high historical volatility and forecasting residuals
4,23,29.53,29.99,47.01,20.86,Low Risk,Stable Demand,177,Medium Priority,Maintain current replenishment levels,Forecasted demand aligns closely with historical baseline levels,"rolling_mean_7 SHAP contribution indicates a strong positive impact of recent sales, verifying high prediction confidence based on historical patterns",Demand is accelerating: 7-day moving average (26.3) exceeds 30-day baseline (26.1),Low forecast uncertainty: minimal volatility observed in predictions
7,34,16.63,17.57,47.0,6.65,Low Risk,Stable Demand,178,Medium Priority,Reduce procurement volume by 5.4% to prevent inventory bloat,Forecasted demand is 5.4% lower than historical averages,"rolling_mean_7 SHAP contribution indicates a strong positive impact of recent sales, verifying high prediction confidence based on historical patterns",Demand is slowing: 7-day moving average (14.7) has fallen below 30-day baseline (14.7),Low forecast uncertainty: minimal volatility observed in predictions
5,35,50.15,48.85,46.91,37.96,Medium Risk,Stable Demand,179,Medium Priority,Maintain current replenishment levels,Forecasted demand aligns closely with historical baseline levels,rolling_mean_7 SHAP contribution indicates a strong positive impact of recent sales,Demand is accelerating: 7-day moving average (44.6) exceeds 30-day baseline (43.3),Moderate uncertainty: stable metrics with minor variance
2,28,99.52,110.08,46.76,99.07,Critical Risk,Strategic Monitoring,180,Medium Priority,Reduce procurement volume by 9.6% to prevent inventory bloat,Forecasted demand is 9.6% lower than historical averages,"rolling_mean_7 SHAP contribution indicates a strong positive impact of recent sales, verifying high prediction confidence based on historical patterns",Demand is accelerating: 7-day moving average (97.6) exceeds 30-day baseline (95.3),Critical risk of variance: high historical volatility and forecasting residuals
7,42,24.99,24.86,46.76,17.1,Low Risk,Stable Demand,181,Medium Priority,Maintain current replenishment levels,Forecasted demand aligns closely with historical baseline levels,"rolling_mean_7 SHAP contribution indicates a strong positive impact of recent sales, verifying high prediction confidence based on historical patterns",Demand is slowing: 7-day moving average (21.4) has fallen below 30-day baseline (22.8),Low forecast uncertainty: minimal volatility observed in predictions
8,38,93.38,96.66,46.74,80.93,Critical Risk,Strategic Monitoring,182,Medium Priority,Maintain current replenishment levels,Forecasted demand aligns closely with historical baseline levels,"rolling_mean_7 SHAP contribution indicates a strong positive impact of recent sales, verifying high prediction confidence based on historical patterns",Demand is slowing: 7-day moving average (83.7) has fallen below 30-day baseline (88.3),Critical risk of variance: high historical volatility and forecasting residuals
7,5,12.33,12.42,46.71,1.3,Low Risk,Stable Demand,183,Medium Priority,Maintain current replenishment levels,Forecasted demand aligns closely with historical baseline levels,"rolling_mean_7 SHAP contribution indicates a strong positive impact of recent sales, verifying high prediction confidence based on historical patterns",Demand is slowing: 7-day moving average (9.4) has fallen below 30-day baseline (11.0),Low forecast uncertainty: minimal volatility observed in predictions
5,24,49.64,49.04,46.67,41.84,Medium Risk,Stable Demand,184,Medium Priority,Maintain current replenishment levels,Forecasted demand aligns closely with historical baseline levels,rolling_mean_7 SHAP contribution indicates a strong positive impact of recent sales,Demand is accelerating: 7-day moving average (43.6) exceeds 30-day baseline (41.4),Moderate uncertainty: stable metrics with minor variance
3,40,31.93,32.67,46.66,26.63,Low Risk,Stable Demand,185,Medium Priority,Maintain current replenishment levels,Forecasted demand aligns closely with historical baseline levels,"rolling_mean_7 SHAP contribution indicates a strong positive impact of recent sales, verifying high prediction confidence based on historical patterns",Demand is accelerating: 7-day moving average (29.1) exceeds 30-day baseline (28.2),Low forecast uncertainty: minimal volatility observed in predictions
8,10,85.95,87.71,46.62,75.21,Critical Risk,Strategic Monitoring,186,Medium Priority,Maintain current replenishment levels,Forecasted demand aligns closely with historical baseline levels,"rolling_mean_7 SHAP contribution indicates a strong positive impact of recent sales, verifying high prediction confidence based on historical patterns",Demand is slowing: 7-day moving average (74.7) has fallen below 30-day baseline (75.9),Critical risk of variance: high historical volatility and forecasting residuals
3,28,91.65,97.78,46.59,86.43,Critical Risk,Strategic Monitoring,187,Medium Priority,Reduce procurement volume by 6.3% to prevent inventory bloat,Forecasted demand is 6.3% lower than historical averages,"rolling_mean_7 SHAP contribution indicates a strong positive impact of recent sales, verifying high prediction confidence based on historical patterns",Demand is accelerating: 7-day moving average (84.4) exceeds 30-day baseline (83.1),Critical risk of variance: high historical volatility and forecasting residuals
3,32,49.85,48.7,46.56,40.24,Medium Risk,Stable Demand,188,Medium Priority,Maintain current replenishment levels,Forecasted demand aligns closely with historical baseline levels,rolling_mean_7 SHAP contribution indicates a strong positive impact of recent sales,Demand is accelerating: 7-day moving average (44.1) exceeds 30-day baseline (43.1),Moderate uncertainty: stable metrics with minor variance
5,7,44.25,43.46,46.51,35.94,Medium Risk,Stable Demand,189,Medium Priority,Maintain current replenishment levels,Forecasted demand aligns closely with historical baseline levels,rolling_mean_7 SHAP contribution indicates a strong positive impact of recent sales,Demand is accelerating: 7-day moving average (38.0) exceeds 30-day baseline (37.4),Moderate uncertainty: stable metrics with minor variance
6,16,17.97,19.19,46.49,6.59,Low Risk,Stable Demand,190,Medium Priority,Reduce procurement volume by 6.4% to prevent inventory bloat,Forecasted demand is 6.4% lower than historical averages,"rolling_mean_7 SHAP contribution indicates a strong positive impact of recent sales, verifying high prediction confidence based on historical patterns",Demand is accelerating: 7-day moving average (16.6) exceeds 30-day baseline (16.1),Low forecast uncertainty: minimal volatility observed in predictions
3,50,71.43,73.26,46.41,58.93,High Risk,Strategic Monitoring,191,Medium Priority,Maintain current replenishment levels,Forecasted demand aligns closely with historical baseline levels,"rolling_mean_7 SHAP contribution indicates a strong positive impact of recent sales, verifying high prediction confidence based on historical patterns",Demand is accelerating: 7-day moving average (66.9) exceeds 30-day baseline (63.6),Elevated uncertainty: historical sales show significant variance
6,43,38.11,38.0,46.41,29.92,Low Risk,Stable Demand,192,Medium Priority,Maintain current replenishment levels,Forecasted demand aligns closely with historical baseline levels,rolling_mean_7 SHAP contribution indicates a strong positive impact of recent sales,Demand is accelerating: 7-day moving average (33.4) exceeds 30-day baseline (33.0),Low forecast uncertainty: minimal volatility observed in predictions
2,2,72.05,73.65,46.39,65.27,High Risk,Strategic Monitoring,193,Medium Priority,Maintain current replenishment levels,Forecasted demand aligns closely with historical baseline levels,rolling_mean_7 SHAP contribution indicates a strong positive impact of recent sales,Demand is accelerating: 7-day moving average (66.6) exceeds 30-day baseline (63.6),Elevated uncertainty: historical sales show significant variance
3,2,65.8,65.28,46.37,58.29,High Risk,Strategic Monitoring,194,Medium Priority,Maintain current replenishment levels,Forecasted demand aligns closely with historical baseline levels,rolling_mean_7 SHAP contribution indicates a strong positive impact of recent sales,Demand is accelerating: 7-day moving average (58.9) exceeds 30-day baseline (57.4),Elevated uncertainty: historical sales show significant variance
8,12,81.04,83.75,46.34,76.38,Critical Risk,Strategic Monitoring,195,Medium Priority,Maintain current replenishment levels,Forecasted demand aligns closely with historical baseline levels,"rolling_mean_7 SHAP contribution indicates a strong positive impact of recent sales, verifying high prediction confidence based on historical patterns",Demand is accelerating: 7-day moving average (73.4) exceeds 30-day baseline (71.3),Critical risk of variance: high historical volatility and forecasting residuals
2,27,27.79,27.65,46.3,18.35,Low Risk,Stable Demand,196,Medium Priority,Maintain current replenishment levels,Forecasted demand aligns closely with historical baseline levels,"rolling_mean_7 SHAP contribution indicates a strong positive impact of recent sales, verifying high prediction confidence based on historical patterns",Demand is slowing: 7-day moving average (23.1) has fallen below 30-day baseline (24.5),Low forecast uncertainty: minimal volatility observed in predictions
4,43,54.26,52.6,46.28,44.1,Medium Risk,Stable Demand,197,Medium Priority,Maintain current replenishment levels,Forecasted demand aligns closely with historical baseline levels,rolling_mean_7 SHAP contribution indicates a strong positive impact of recent sales,Demand is accelerating: 7-day moving average (47.7) exceeds 30-day baseline (46.5),Moderate uncertainty: stable metrics with minor variance
9,24,67.86,67.98,46.23,57.9,High Risk,Strategic Monitoring,198,Medium Priority,Maintain current replenishment levels,Forecasted demand aligns closely with historical baseline levels,rolling_mean_7 SHAP contribution indicates a strong positive impact of recent sales,Demand is accelerating: 7-day moving average (60.6) exceeds 30-day baseline (58.4),Elevated uncertainty: historical sales show significant variance
3,15,93.41,97.87,46.22,85.81,Critical Risk,Strategic Monitoring,199,Medium Priority,Maintain current replenishment levels,Forecasted demand aligns closely with historical baseline levels,"rolling_mean_7 SHAP contribution indicates a strong positive impact of recent sales, verifying high prediction confidence based on historical patterns",Demand is slowing: 7-day moving average (82.7) has fallen below 30-day baseline (84.9),Critical risk of variance: high historical volatility and forecasting residuals
4,25,80.96,83.21,46.22,72.31,Critical Risk,Strategic Monitoring,200,Medium Priority,Maintain current replenishment levels,Forecasted demand aligns closely with historical baseline levels,"rolling_mean_7 SHAP contribution indicates a strong positive impact of recent sales, verifying high prediction confidence based on historical patterns",Demand is accelerating: 7-day moving average (71.6) exceeds 30-day baseline (70.5),Critical risk of variance: high historical volatility and forecasting residuals
10,27,24.54,24.14,46.2,12.69,Low Risk,Stable Demand,201,Medium Priority,Maintain current replenishment levels,Forecasted demand aligns closely with historical baseline levels,"rolling_mean_7 SHAP contribution indicates a strong positive impact of recent sales, verifying high prediction confidence based on historical patterns",Demand is slowing: 7-day moving average (20.4) has fallen below 30-day baseline (22.6),Low forecast uncertainty: minimal volatility observed in predictions
9,16,26.66,26.3,46.19,18.61,Low Risk,Stable Demand,202,Medium Priority,Maintain current replenishment levels,Forecasted demand aligns closely with historical baseline levels,"rolling_mean_7 SHAP contribution indicates a strong positive impact of recent sales, verifying high prediction confidence based on historical patterns",Demand is slowing: 7-day moving average (22.0) has fallen below 30-day baseline (23.8),Low forecast uncertainty: minimal volatility observed in predictions
4,46,61.6,59.93,46.12,53.94,High Risk,Strategic Monitoring,203,Medium Priority,Maintain current replenishment levels,Forecasted demand aligns closely with historical baseline levels,rolling_mean_7 SHAP contribution indicates a strong positive impact of recent sales,Demand is accelerating: 7-day moving average (54.7) exceeds 30-day baseline (54.1),Elevated uncertainty: historical sales show significant variance
2,44,38.45,36.91,46.1,31.2,Medium Risk,Stable Demand,204,Medium Priority,Maintain current replenishment levels,Forecasted demand aligns closely with historical baseline levels,rolling_mean_7 SHAP contribution indicates a strong positive impact of recent sales,Demand is slowing: 7-day moving average (32.0) has fallen below 30-day baseline (34.5),Moderate uncertainty: stable metrics with minor variance
1,41,19.36,19.57,46.09,9.42,Low Risk,Stable Demand,205,Medium Priority,Maintain current replenishment levels,Forecasted demand aligns closely with historical baseline levels,"rolling_mean_7 SHAP contribution indicates a strong positive impact of recent sales, verifying high prediction confidence based on historical patterns",Demand is slowing: 7-day moving average (16.0) has fallen below 30-day baseline (17.3),Low forecast uncertainty: minimal volatility observed in predictions
5,43,39.31,38.27,46.06,30.95,Medium Risk,Stable Demand,206,Medium Priority,Maintain current replenishment levels,Forecasted demand aligns closely with historical baseline levels,rolling_mean_7 SHAP contribution indicates a strong positive impact of recent sales,Demand is slowing: 7-day moving average (33.4) has fallen below 30-day baseline (34.7),Moderate uncertainty: stable metrics with minor variance
1,14,52.51,51.91,46.05,42.42,Medium Risk,Stable Demand,207,Medium Priority,Maintain current replenishment levels,Forecasted demand aligns closely with historical baseline levels,rolling_mean_7 SHAP contribution indicates a strong positive impact of recent sales,Demand is accelerating: 7-day moving average (47.7) exceeds 30-day baseline (45.3),Moderate uncertainty: stable metrics with minor variance
9,13,85.08,86.26,45.97,74.14,Critical Risk,Strategic Monitoring,208,Medium Priority,Maintain current replenishment levels,Forecasted demand aligns closely with historical baseline levels,"rolling_mean_7 SHAP contribution indicates a strong positive impact of recent sales, verifying high prediction confidence based on historical patterns",Demand is slowing: 7-day moving average (72.9) has fallen below 30-day baseline (75.4),Critical risk of variance: high historical volatility and forecasting residuals
5,15,66.79,65.46,45.94,58.98,High Risk,Strategic Monitoring,209,Medium Priority,Maintain current replenishment levels,Forecasted demand aligns closely with historical baseline levels,rolling_mean_7 SHAP contribution indicates a strong positive impact of recent sales,Demand is slowing: 7-day moving average (58.9) has fallen below 30-day baseline (59.4),Elevated uncertainty: historical sales show significant variance
1,32,39.25,38.85,45.8,31.62,Medium Risk,Stable Demand,210,Medium Priority,Maintain current replenishment levels,Forecasted demand aligns closely with historical baseline levels,rolling_mean_7 SHAP contribution indicates a strong positive impact of recent sales,Demand is slowing: 7-day moving average (33.9) has fallen below 30-day baseline (34.2),Moderate uncertainty: stable metrics with minor variance
8,14,70.6,69.9,45.77,64.06,High Risk,Strategic Monitoring,211,Medium Priority,Maintain current replenishment levels,Forecasted demand aligns closely with historical baseline levels,rolling_mean_7 SHAP contribution indicates a strong positive impact of recent sales,Demand is slowing: 7-day moving average (61.7) has fallen below 30-day baseline (62.4),Elevated uncertainty: historical sales show significant variance
9,18,84.87,86.38,45.73,80.54,Critical Risk,Strategic Monitoring,212,Medium Priority,Maintain current replenishment levels,Forecasted demand aligns closely with historical baseline levels,"rolling_mean_7 SHAP contribution indicates a strong positive impact of recent sales, verifying high prediction confidence based on historical patterns",Demand is slowing: 7-day moving average (72.3) has fallen below 30-day baseline (74.5),Critical risk of variance: high historical volatility and forecasting residuals
7,18,59.33,57.44,45.71,47.95,Medium Risk,Stable Demand,213,Medium Priority,Maintain current replenishment levels,Forecasted demand aligns closely with historical baseline levels,rolling_mean_7 SHAP contribution indicates a strong positive impact of recent sales,Demand is accelerating: 7-day moving average (51.3) exceeds 30-day baseline (51.3),Moderate uncertainty: stable metrics with minor variance
10,42,40.79,40.25,45.7,32.63,Medium Risk,Stable Demand,214,Medium Priority,Maintain current replenishment levels,Forecasted demand aligns closely with historical baseline levels,rolling_mean_7 SHAP contribution indicates a strong positive impact of recent sales,Demand is slowing: 7-day moving average (35.0) has fallen below 30-day baseline (35.5),Moderate uncertainty: stable metrics with minor variance
9,25,81.53,83.16,45.69,74.5,Critical Risk,Strategic Monitoring,215,Medium Priority,Maintain current replenishment levels,Forecasted demand aligns closely with historical baseline levels,"rolling_mean_7 SHAP contribution indicates a strong positive impact of recent sales, verifying high prediction confidence based on historical patterns",Demand is slowing: 7-day moving average (71.9) has fallen below 30-day baseline (72.4),Critical risk of variance: high historical volatility and forecasting residuals
10,10,78.55,80.21,45.68,70.33,Critical Risk,Strategic Monitoring,216,Medium Priority,Maintain current replenishment levels,Forecasted demand aligns closely with historical baseline levels,"rolling_mean_7 SHAP contribution indicates a strong positive impact of recent sales, verifying high prediction confidence based on historical patterns",Demand is accelerating: 7-day moving average (69.7) exceeds 30-day baseline (69.1),Critical risk of variance: high historical volatility and forecasting residuals
1,15,75.89,77.72,45.63,65.89,High Risk,Strategic Monitoring,217,Medium Priority,Maintain current replenishment levels,Forecasted demand aligns closely with historical baseline levels,"rolling_mean_7 SHAP contribution indicates a strong positive impact of recent sales, verifying high prediction confidence based on historical patterns",Demand is accelerating: 7-day moving average (70.0) exceeds 30-day baseline (69.3),Elevated uncertainty: historical sales show significant variance
10,12,75.5,76.09,45.54,69.55,High Risk,Strategic Monitoring,218,Medium Priority,Maintain current replenishment levels,Forecasted demand aligns closely with historical baseline levels,"rolling_mean_7 SHAP contribution indicates a strong positive impact of recent sales, verifying high prediction confidence based on historical patterns",Demand is slowing: 7-day moving average (65.7) has fallen below 30-day baseline (66.1),Elevated uncertainty: historical sales show significant variance
10,23,32.31,32.27,45.45,25.74,Low Risk,Stable Demand,219,Medium Priority,Maintain current replenishment levels,Forecasted demand aligns closely with historical baseline levels,"rolling_mean_7 SHAP contribution indicates a strong positive impact of recent sales, verifying high prediction confidence based on historical patterns",Demand is slowing: 7-day moving average (27.9) has fallen below 30-day baseline (28.8),Low forecast uncertainty: minimal volatility observed in predictions
9,20,49.56,48.83,45.42,36.22,Medium Risk,Stable Demand,220,Medium Priority,Maintain current replenishment levels,Forecasted demand aligns closely with historical baseline levels,rolling_mean_7 SHAP contribution indicates a strong positive impact of recent sales,Demand is accelerating: 7-day moving average (44.4) exceeds 30-day baseline (43.0),Moderate uncertainty: stable metrics with minor variance
9,49,29.76,30.21,45.39,22.44,Low Risk,Stable Demand,221,Medium Priority,Maintain current replenishment levels,Forecasted demand aligns closely with historical baseline levels,"rolling_mean_7 SHAP contribution indicates a strong positive impact of recent sales, verifying high prediction confidence based on historical patterns",Demand is slowing: 7-day moving average (25.6) has fallen below 30-day baseline (26.0),Low forecast uncertainty: minimal volatility observed in predictions
3,34,27.91,28.33,45.37,22.09,Low Risk,Stable Demand,222,Medium Priority,Maintain current replenishment levels,Forecasted demand aligns closely with historical baseline levels,"rolling_mean_7 SHAP contribution indicates a strong positive impact of recent sales, verifying high prediction confidence based on historical patterns",Demand is slowing: 7-day moving average (24.0) has fallen below 30-day baseline (24.5),Low forecast uncertainty: minimal volatility observed in predictions
10,21,44.68,44.0,45.25,37.51,Medium Risk,Stable Demand,223,Medium Priority,Maintain current replenishment levels,Forecasted demand aligns closely with historical baseline levels,rolling_mean_7 SHAP contribution indicates a strong positive impact of recent sales,Demand is slowing: 7-day moving average (38.7) has fallen below 30-day baseline (38.7),Moderate uncertainty: stable metrics with minor variance
6,33,52.9,51.34,45.18,43.13,Medium Risk,Stable Demand,224,Medium Priority,Maintain current replenishment levels,Forecasted demand aligns closely with historical baseline levels,rolling_mean_7 SHAP contribution indicates a strong positive impact of recent sales,Demand is accelerating: 7-day moving average (46.1) exceeds 30-day baseline (46.1),Moderate uncertainty: stable metrics with minor variance
3,9,58.77,57.29,45.14,46.36,Medium Risk,Stable Demand,225,Medium Priority,Maintain current replenishment levels,Forecasted demand aligns closely with historical baseline levels,rolling_mean_7 SHAP contribution indicates a strong positive impact of recent sales,Demand is accelerating: 7-day moving average (51.7) exceeds 30-day baseline (51.0),Moderate uncertainty: stable metrics with minor variance
5,44,20.39,21.99,45.09,13.4,Low Risk,Stable Demand,226,Medium Priority,Reduce procurement volume by 7.3% to prevent inventory bloat,Forecasted demand is 7.3% lower than historical averages,"rolling_mean_7 SHAP contribution indicates a strong positive impact of recent sales, verifying high prediction confidence based on historical patterns",Demand is accelerating: 7-day moving average (18.4) exceeds 30-day baseline (17.7),Low forecast uncertainty: minimal volatility observed in predictions
7,36,52.97,52.26,45.06,44.95,Medium Risk,Stable Demand,227,Medium Priority,Maintain current replenishment levels,Forecasted demand aligns closely with historical baseline levels,rolling_mean_7 SHAP contribution indicates a strong positive impact of recent sales,Demand is accelerating: 7-day moving average (47.4) exceeds 30-day baseline (45.8),Moderate uncertainty: stable metrics with minor variance
1,47,18.76,19.26,45.0,8.73,Low Risk,Stable Demand,228,Medium Priority,Maintain current replenishment levels,Forecasted demand aligns closely with historical baseline levels,"rolling_mean_7 SHAP contribution indicates a strong positive impact of recent sales, verifying high prediction confidence based on historical patterns",Demand is slowing: 7-day moving average (15.6) has fallen below 30-day baseline (16.6),Low forecast uncertainty: minimal volatility observed in predictions
7,26,32.05,32.28,45.0,24.27,Low Risk,Stable Demand,229,Medium Priority,Maintain current replenishment levels,Forecasted demand aligns closely with historical baseline levels,"rolling_mean_7 SHAP contribution indicates a strong positive impact of recent sales, verifying high prediction confidence based on historical patterns",Demand is slowing: 7-day moving average (28.3) has fallen below 30-day baseline (29.0),Low forecast uncertainty: minimal volatility observed in predictions
7,16,17.37,17.38,44.97,7.99,Low Risk,Stable Demand,230,Medium Priority,Maintain current replenishment levels,Forecasted demand aligns closely with historical baseline levels,"rolling_mean_7 SHAP contribution indicates a strong positive impact of recent sales, verifying high prediction confidence based on historical patterns",Demand is slowing: 7-day moving average (13.4) has fallen below 30-day baseline (15.5),Low forecast uncertainty: minimal volatility observed in predictions
8,48,61.64,61.09,44.92,54.65,High Risk,Overstock Risk,231,Medium Priority,Maintain current replenishment levels,Forecasted demand aligns closely with historical baseline levels,rolling_mean_7 SHAP contribution indicates a strong positive impact of recent sales,Demand is accelerating: 7-day moving average (55.1) exceeds 30-day baseline (53.7),Elevated uncertainty: historical sales show significant variance
3,21,45.73,44.78,44.89,33.08,Medium Risk,Stable Demand,232,Medium Priority,Maintain current replenishment levels,Forecasted demand aligns closely with historical baseline levels,rolling_mean_7 SHAP contribution indicates a strong positive impact of recent sales,Demand is slowing: 7-day moving average (39.0) has fallen below 30-day baseline (39.2),Moderate uncertainty: stable metrics with minor variance
6,25,60.5,59.89,44.89,51.34,High Risk,Overstock Risk,233,Medium Priority,Maintain current replenishment levels,Forecasted demand aligns closely with historical baseline levels,rolling_mean_7 SHAP contribution indicates a strong positive impact of recent sales,Demand is accelerating: 7-day moving average (54.1) exceeds 30-day baseline (52.7),Elevated uncertainty: historical sales show significant variance
10,36,82.0,84.76,44.86,73.25,Critical Risk,Overstock Risk,234,Medium Priority,Maintain current replenishment levels,Forecasted demand aligns closely with historical baseline levels,"rolling_mean_7 SHAP contribution indicates a strong positive impact of recent sales, verifying high prediction confidence based on historical patterns",Demand is accelerating: 7-day moving average (72.4) exceeds 30-day baseline (72.1),Critical risk of variance: high historical volatility and forecasting residuals
8,7,69.82,70.05,44.86,62.14,High Risk,Overstock Risk,235,Medium Priority,Maintain current replenishment levels,Forecasted demand aligns closely with historical baseline levels,rolling_mean_7 SHAP contribution indicates a strong positive impact of recent sales,Demand is accelerating: 7-day moving average (62.6) exceeds 30-day baseline (62.5),Elevated uncertainty: historical sales show significant variance
8,34,30.88,31.0,44.82,22.84,Low Risk,Stable Demand,236,Medium Priority,Maintain current replenishment levels,Forecasted demand aligns closely with historical baseline levels,"rolling_mean_7 SHAP contribution indicates a strong positive impact of recent sales, verifying high prediction confidence based on historical patterns",Demand is slowing: 7-day moving average (27.1) has fallen below 30-day baseline (28.2),Low forecast uncertainty: minimal volatility observed in predictions
2,34,33.11,32.27,44.82,23.06,Low Risk,Stable Demand,237,Medium Priority,Maintain current replenishment levels,Forecasted demand aligns closely with historical baseline levels,"rolling_mean_7 SHAP contribution indicates a strong positive impact of recent sales, verifying high prediction confidence based on historical patterns",Demand is slowing: 7-day moving average (27.4) has fallen below 30-day baseline (30.0),Low forecast uncertainty: minimal volatility observed in predictions
3,16,27.32,28.42,44.78,19.26,Low Risk,Stable Demand,238,Medium Priority,Maintain current replenishment levels,Forecasted demand aligns closely with historical baseline levels,"rolling_mean_7 SHAP contribution indicates a strong positive impact of recent sales, verifying high prediction confidence based on historical patterns",Demand is accelerating: 7-day moving average (24.4) exceeds 30-day baseline (24.1),Low forecast uncertainty: minimal volatility observed in predictions
4,28,87.33,90.51,44.72,83.55,Critical Risk,Overstock Risk,239,Medium Priority,Maintain current replenishment levels,Forecasted demand aligns closely with historical baseline levels,"rolling_mean_7 SHAP contribution indicates a strong positive impact of recent sales, verifying high prediction confidence based on historical patterns",Demand is slowing: 7-day moving average (76.4) has fallen below 30-day baseline (78.5),Critical risk of variance: high historical volatility and forecasting residuals
1,16,21.77,22.84,44.68,15.05,Low Risk,Stable Demand,240,Medium Priority,Maintain current replenishment levels,Forecasted demand aligns closely with historical baseline levels,"rolling_mean_7 SHAP contribution indicates a strong positive impact of recent sales, verifying high prediction confidence based on historical patterns",Demand is slowing: 7-day moving average (18.9) has fallen below 30-day baseline (19.1),Low forecast uncertainty: minimal volatility observed in predictions
2,42,47.6,46.31,44.65,38.59,Medium Risk,Stable Demand,241,Medium Priority,Maintain current replenishment levels,Forecasted demand aligns closely with historical baseline levels,rolling_mean_7 SHAP contribution indicates a strong positive impact of recent sales,Demand is slowing: 7-day moving average (41.4) has fallen below 30-day baseline (42.1),Moderate uncertainty: stable metrics with minor variance
7,25,56.84,55.0,44.62,44.34,Medium Risk,Stable Demand,242,Medium Priority,Maintain current replenishment levels,Forecasted demand aligns closely with historical baseline levels,rolling_mean_7 SHAP contribution indicates a strong positive impact of recent sales,Demand is slowing: 7-day moving average (50.0) has fallen below 30-day baseline (50.1),Moderate uncertainty: stable metrics with minor variance
5,11,52.76,51.66,44.57,46.87,Medium Risk,Stable Demand,243,Medium Priority,Maintain current replenishment levels,Forecasted demand aligns closely with historical baseline levels,rolling_mean_7 SHAP contribution indicates a strong positive impact of recent sales,Demand is accelerating: 7-day moving average (46.0) exceeds 30-day baseline (45.7),Moderate uncertainty: stable metrics with minor variance
4,48,52.72,52.53,44.52,44.98,Medium Risk,Stable Demand,244,Medium Priority,Maintain current replenishment levels,Forecasted demand aligns closely with historical baseline levels,rolling_mean_7 SHAP contribution indicates a strong positive impact of recent sales,Demand is accelerating: 7-day moving average (48.0) exceeds 30-day baseline (45.7),Moderate uncertainty: stable metrics with minor variance
3,4,23.81,24.53,44.52,15.9,Low Risk,Stable Demand,245,Medium Priority,Maintain current replenishment levels,Forecasted demand aligns closely with historical baseline levels,"rolling_mean_7 SHAP contribution indicates a strong positive impact of recent sales, verifying high prediction confidence based on historical patterns",Demand is slowing: 7-day moving average (20.4) has fallen below 30-day baseline (21.1),Low forecast uncertainty: minimal volatility observed in predictions
10,46,63.3,64.58,44.37,55.58,High Risk,Overstock Risk,246,Medium Priority,Maintain current replenishment levels,Forecasted demand aligns closely with historical baseline levels,rolling_mean_7 SHAP contribution indicates a strong positive impact of recent sales,Demand is accelerating: 7-day moving average (57.6) exceeds 30-day baseline (55.1),Elevated uncertainty: historical sales show significant variance
5,50,49.85,49.01,44.36,42.84,Medium Risk,Stable Demand,247,Medium Priority,Maintain current replenishment levels,Forecasted demand aligns closely with historical baseline levels,rolling_mean_7 SHAP contribution indicates a strong positive impact of recent sales,Demand is accelerating: 7-day moving average (43.4) exceeds 30-day baseline (43.0),Moderate uncertainty: stable metrics with minor variance
5,9,37.23,37.94,44.35,32.18,Medium Risk,Stable Demand,248,Medium Priority,Maintain current replenishment levels,Forecasted demand aligns closely with historical baseline levels,rolling_mean_7 SHAP contribution indicates a strong positive impact of recent sales,Demand is accelerating: 7-day moving average (32.6) exceeds 30-day baseline (32.1),Moderate uncertainty: stable metrics with minor variance
1,19,36.05,35.75,44.26,27.65,Low Risk,Stable Demand,249,Medium Priority,Maintain current replenishment levels,Forecasted demand aligns closely with historical baseline levels,rolling_mean_7 SHAP contribution indicates a strong positive impact of recent sales,Demand is slowing: 7-day moving average (30.6) has fallen below 30-day baseline (32.2),Low forecast uncertainty: minimal volatility observed in predictions
8,42,44.69,44.17,44.15,38.74,Medium Risk,Stable Demand,250,Medium Priority,Maintain current replenishment levels,Forecasted demand aligns closely with historical baseline levels,rolling_mean_7 SHAP contribution indicates a strong positive impact of recent sales,Demand is slowing: 7-day moving average (38.3) has fallen below 30-day baseline (38.7),Moderate uncertainty: stable metrics with minor variance
10,29,75.55,76.49,44.13,64.67,High Risk,Overstock Risk,251,Medium Priority,Maintain current replenishment levels,Forecasted demand aligns closely with historical baseline levels,"rolling_mean_7 SHAP contribution indicates a strong positive impact of recent sales, verifying high prediction confidence based on historical patterns",Demand is slowing: 7-day moving average (65.6) has fallen below 30-day baseline (66.4),Elevated uncertainty: historical sales show significant variance
9,17,32.19,33.92,44.12,28.21,Low Risk,Stable Demand,252,Medium Priority,Reduce procurement volume by 5.1% to prevent inventory bloat,Forecasted demand is 5.1% lower than historical averages,"rolling_mean_7 SHAP contribution indicates a strong positive impact of recent sales, verifying high prediction confidence based on historical patterns",Demand is accelerating: 7-day moving average (30.1) exceeds 30-day baseline (28.6),Low forecast uncertainty: minimal volatility observed in predictions
2,30,50.07,50.6,44.1,43.92,Medium Risk,Stable Demand,253,Medium Priority,Maintain current replenishment levels,Forecasted demand aligns closely with historical baseline levels,rolling_mean_7 SHAP contribution indicates a strong positive impact of recent sales,Demand is accelerating: 7-day moving average (45.7) exceeds 30-day baseline (43.0),Moderate uncertainty: stable metrics with minor variance
5,23,20.99,21.81,44.04,12.04,Low Risk,Stable Demand,254,Medium Priority,Maintain current replenishment levels,Forecasted demand aligns closely with historical baseline levels,"rolling_mean_7 SHAP contribution indicates a strong positive impact of recent sales, verifying high prediction confidence based on historical patterns",Demand is slowing: 7-day moving average (18.1) has fallen below 30-day baseline (18.9),Low forecast uncertainty: minimal volatility observed in predictions
9,7,60.95,60.4,44.02,52.7,High Risk,Overstock Risk,255,Medium Priority,Maintain current replenishment levels,Forecasted demand aligns closely with historical baseline levels,rolling_mean_7 SHAP contribution indicates a strong positive impact of recent sales,Demand is accelerating: 7-day moving average (54.3) exceeds 30-day baseline (53.2),Elevated uncertainty: historical sales show significant variance
5,19,29.46,29.92,44.02,21.11,Low Risk,Stable Demand,256,Medium Priority,Maintain current replenishment levels,Forecasted demand aligns closely with historical baseline levels,"rolling_mean_7 SHAP contribution indicates a strong positive impact of recent sales, verifying high prediction confidence based on historical patterns",Demand is slowing: 7-day moving average (24.7) has fallen below 30-day baseline (25.7),Low forecast uncertainty: minimal volatility observed in predictions
10,31,63.77,64.57,43.98,55.5,High Risk,Overstock Risk,257,Medium Priority,Maintain current replenishment levels,Forecasted demand aligns closely with historical baseline levels,rolling_mean_7 SHAP contribution indicates a strong positive impact of recent sales,Demand is accelerating: 7-day moving average (57.4) exceeds 30-day baseline (55.2),Elevated uncertainty: historical sales show significant variance
9,2,60.64,60.4,43.98,51.69,High Risk,Overstock Risk,258,Medium Priority,Maintain current replenishment levels,Forecasted demand aligns closely with historical baseline levels,rolling_mean_7 SHAP contribution indicates a strong positive impact of recent sales,Demand is accelerating: 7-day moving average (54.7) exceeds 30-day baseline (53.3),Elevated uncertainty: historical sales show significant variance
1,7,51.7,51.6,43.93,43.92,Medium Risk,Stable Demand,259,Medium Priority,Maintain current replenishment levels,Forecasted demand aligns closely with historical baseline levels,rolling_mean_7 SHAP contribution indicates a strong positive impact of recent sales,Demand is accelerating: 7-day moving average (45.9) exceeds 30-day baseline (44.4),Moderate uncertainty: stable metrics with minor variance
8,50,77.71,79.05,43.93,67.59,High Risk,Overstock Risk,260,Medium Priority,Maintain current replenishment levels,Forecasted demand aligns closely with historical baseline levels,"rolling_mean_7 SHAP contribution indicates a strong positive impact of recent sales, verifying high prediction confidence based on historical patterns",Demand is slowing: 7-day moving average (66.9) has fallen below 30-day baseline (68.3),Elevated uncertainty: historical sales show significant variance
1,22,69.86,71.11,43.92,63.08,High Risk,Overstock Risk,261,Medium Priority,Maintain current replenishment levels,Forecasted demand aligns closely with historical baseline levels,rolling_mean_7 SHAP contribution indicates a strong positive impact of recent sales,Demand is accelerating: 7-day moving average (61.7) exceeds 30-day baseline (60.3),Elevated uncertainty: historical sales show significant variance
10,25,85.02,88.5,43.83,77.77,Critical Risk,Overstock Risk,262,Medium Priority,Maintain current replenishment levels,Forecasted demand aligns closely with historical baseline levels,"rolling_mean_7 SHAP contribution indicates a strong positive impact of recent sales, verifying high prediction confidence based on historical patterns",Demand is slowing: 7-day moving average (73.6) has fallen below 30-day baseline (74.9),Critical risk of variance: high historical volatility and forecasting residuals
5,18,63.77,62.51,43.73,51.63,High Risk,Overstock Risk,263,Medium Priority,Maintain current replenishment levels,Forecasted demand aligns closely with historical baseline levels,rolling_mean_7 SHAP contribution indicates a strong positive impact of recent sales,Demand is slowing: 7-day moving average (55.6) has fallen below 30-day baseline (57.1),Elevated uncertainty: historical sales show significant variance
4,24,67.41,67.32,43.71,60.17,High Risk,Overstock Risk,264,Medium Priority,Maintain current replenishment levels,Forecasted demand aligns closely with historical baseline levels,rolling_mean_7 SHAP contribution indicates a strong positive impact of recent sales,Demand is slowing: 7-day moving average (59.0) has fallen below 30-day baseline (59.4),Elevated uncertainty: historical sales show significant variance
10,30,44.85,44.53,43.7,36.94,Medium Risk,Stable Demand,265,Medium Priority,Maintain current replenishment levels,Forecasted demand aligns closely with historical baseline levels,rolling_mean_7 SHAP contribution indicates a strong positive impact of recent sales,Demand is slowing: 7-day moving average (38.3) has fallen below 30-day baseline (38.6),Moderate uncertainty: stable metrics with minor variance
10,4,22.94,24.19,43.67,16.51,Low Risk,Stable Demand,266,Medium Priority,Reduce procurement volume by 5.2% to prevent inventory bloat,Forecasted demand is 5.2% lower than historical averages,"rolling_mean_7 SHAP contribution indicates a strong positive impact of recent sales, verifying high prediction confidence based on historical patterns",Demand is accelerating: 7-day moving average (20.4) exceeds 30-day baseline (20.4),Low forecast uncertainty: minimal volatility observed in predictions
4,29,70.8,71.41,43.67,63.59,High Risk,Overstock Risk,267,Medium Priority,Maintain current replenishment levels,Forecasted demand aligns closely with historical baseline levels,rolling_mean_7 SHAP contribution indicates a strong positive impact of recent sales,Demand is slowing: 7-day moving average (63.0) has fallen below 30-day baseline (63.8),Elevated uncertainty: historical sales show significant variance
8,44,34.87,35.38,43.64,25.54,Low Risk,Stable Demand,268,Medium Priority,Maintain current replenishment levels,Forecasted demand aligns closely with historical baseline levels,rolling_mean_7 SHAP contribution indicates a strong positive impact of recent sales,Demand is slowing: 7-day moving average (30.6) has fallen below 30-day baseline (30.9),Low forecast uncertainty: minimal volatility observed in predictions
9,9,52.39,52.84,43.64,44.26,Medium Risk,Stable Demand,269,Medium Priority,Maintain current replenishment levels,Forecasted demand aligns closely with historical baseline levels,rolling_mean_7 SHAP contribution indicates a strong positive impact of recent sales,Demand is accelerating: 7-day moving average (48.6) exceeds 30-day baseline (45.9),Moderate uncertainty: stable metrics with minor variance
3,47,23.98,24.5,43.62,15.76,Low Risk,Stable Demand,270,Medium Priority,Maintain current replenishment levels,Forecasted demand aligns closely with historical baseline levels,"rolling_mean_7 SHAP contribution indicates a strong positive impact of recent sales, verifying high prediction confidence based on historical patterns",Demand is slowing: 7-day moving average (20.9) has fallen below 30-day baseline (22.2),Low forecast uncertainty: minimal volatility observed in predictions
10,14,65.1,64.46,43.62,56.5,High Risk,Overstock Risk,271,Medium Priority,Maintain current replenishment levels,Forecasted demand aligns closely with historical baseline levels,rolling_mean_7 SHAP contribution indicates a strong positive impact of recent sales,Demand is slowing: 7-day moving average (57.0) has fallen below 30-day baseline (58.1),Elevated uncertainty: historical sales show significant variance
5,22,61.21,59.95,43.61,49.1,Medium Risk,Stable Demand,272,Medium Priority,Maintain current replenishment levels,Forecasted demand aligns closely with historical baseline levels,rolling_mean_7 SHAP contribution indicates a strong positive impact of recent sales,Demand is slowing: 7-day moving average (52.6) has fallen below 30-day baseline (53.3),Moderate uncertainty: stable metrics with minor variance
1,18,72.87,74.58,43.56,68.14,High Risk,Overstock Risk,273,Medium Priority,Maintain current replenishment levels,Forecasted demand aligns closely with historical baseline levels,"rolling_mean_7 SHAP contribution indicates a strong positive impact of recent sales, verifying high prediction confidence based on historical patterns",Demand is slowing: 7-day moving average (65.3) has fallen below 30-day baseline (65.5),Elevated uncertainty: historical sales show significant variance
8,6,68.89,70.34,43.55,61.6,High Risk,Overstock Risk,274,Medium Priority,Maintain current replenishment levels,Forecasted demand aligns closely with historical baseline levels,rolling_mean_7 SHAP contribution indicates a strong positive impact of recent sales,Demand is accelerating: 7-day moving average (62.7) exceeds 30-day baseline (61.3),Elevated uncertainty: historical sales show significant variance
3,33,75.94,77.25,43.5,62.67,High Risk,Overstock Risk,275,Medium Priority,Maintain current replenishment levels,Forecasted demand aligns closely with historical baseline levels,"rolling_mean_7 SHAP contribution indicates a strong positive impact of recent sales, verifying high prediction confidence based on historical patterns",Demand is slowing: 7-day moving average (66.9) has fallen below 30-day baseline (68.6),Elevated uncertainty: historical sales show significant variance
2,21,51.83,50.56,43.5,42.3,Medium Risk,Stable Demand,276,Medium Priority,Maintain current replenishment levels,Forecasted demand aligns closely with historical baseline levels,rolling_mean_7 SHAP contribution indicates a strong positive impact of recent sales,Demand is slowing: 7-day moving average (44.7) has fallen below 30-day baseline (45.9),Moderate uncertainty: stable metrics with minor variance
1,11,61.2,61.66,43.49,51.95,High Risk,Overstock Risk,277,Medium Priority,Maintain current replenishment levels,Forecasted demand aligns closely with historical baseline levels,rolling_mean_7 SHAP contribution indicates a strong positive impact of recent sales,Demand is accelerating: 7-day moving average (55.1) exceeds 30-day baseline (53.2),Elevated uncertainty: historical sales show significant variance
10,18,88.8,92.6,43.48,80.6,Critical Risk,Overstock Risk,278,Medium Priority,Maintain current replenishment levels,Forecasted demand aligns closely with historical baseline levels,"rolling_mean_7 SHAP contribution indicates a strong positive impact of recent sales, verifying high prediction confidence based on historical patterns",Demand is slowing: 7-day moving average (77.3) has fallen below 30-day baseline (80.7),Critical risk of variance: high historical volatility and forecasting residuals
10,20,52.37,51.88,43.43,44.63,Medium Risk,Stable Demand,279,Medium Priority,Maintain current replenishment levels,Forecasted demand aligns closely with historical baseline levels,rolling_mean_7 SHAP contribution indicates a strong positive impact of recent sales,Demand is accelerating: 7-day moving average (45.7) exceeds 30-day baseline (45.1),Moderate uncertainty: stable metrics with minor variance
8,35,76.66,79.08,43.43,70.43,Critical Risk,Overstock Risk,280,Medium Priority,Maintain current replenishment levels,Forecasted demand aligns closely with historical baseline levels,"rolling_mean_7 SHAP contribution indicates a strong positive impact of recent sales, verifying high prediction confidence based on historical patterns",Demand is accelerating: 7-day moving average (69.4) exceeds 30-day baseline (69.2),Critical risk of variance: high historical volatility and forecasting residuals
7,41,14.37,15.17,43.42,3.59,Low Risk,Stable Demand,281,Medium Priority,Reduce procurement volume by 5.3% to prevent inventory bloat,Forecasted demand is 5.3% lower than historical averages,"rolling_mean_7 SHAP contribution indicates a strong positive impact of recent sales, verifying high prediction confidence based on historical patterns",Demand is slowing: 7-day moving average (11.1) has fallen below 30-day baseline (12.0),Low forecast uncertainty: minimal volatility observed in predictions
10,16,26.36,28.02,43.35,18.79,Low Risk,Stable Demand,282,Medium Priority,Reduce procurement volume by 5.9% to prevent inventory bloat,Forecasted demand is 5.9% lower than historical averages,"rolling_mean_7 SHAP contribution indicates a strong positive impact of recent sales, verifying high prediction confidence based on historical patterns",Demand is accelerating: 7-day moving average (24.1) exceeds 30-day baseline (23.5),Low forecast uncertainty: minimal volatility observed in predictions
4,22,81.55,82.69,43.29,67.78,High Risk,Overstock Risk,283,Medium Priority,Maintain current replenishment levels,Forecasted demand aligns closely with historical baseline levels,"rolling_mean_7 SHAP contribution indicates a strong positive impact of recent sales, verifying high prediction confidence based on historical patterns",Demand is slowing: 7-day moving average (69.0) has fallen below 30-day baseline (73.0),Elevated uncertainty: historical sales show significant variance
2,50,79.37,82.69,43.26,74.15,Critical Risk,Overstock Risk,284,Medium Priority,Maintain current replenishment levels,Forecasted demand aligns closely with historical baseline levels,"rolling_mean_7 SHAP contribution indicates a strong positive impact of recent sales, verifying high prediction confidence based on historical patterns",Demand is accelerating: 7-day moving average (70.0) exceeds 30-day baseline (69.9),Critical risk of variance: high historical volatility and forecasting residuals
2,39,53.85,55.05,43.24,46.16,Medium Risk,Stable Demand,285,Medium Priority,Maintain current replenishment levels,Forecasted demand aligns closely with historical baseline levels,rolling_mean_7 SHAP contribution indicates a strong positive impact of recent sales,Demand is accelerating: 7-day moving average (50.0) exceeds 30-day baseline (46.5),Moderate uncertainty: stable metrics with minor variance
1,21,34.8,35.27,43.18,27.79,Low Risk,Stable Demand,286,Medium Priority,Maintain current replenishment levels,Forecasted demand aligns closely with historical baseline levels,rolling_mean_7 SHAP contribution indicates a strong positive impact of recent sales,Demand is slowing: 7-day moving average (30.3) has fallen below 30-day baseline (31.1),Low forecast uncertainty: minimal volatility observed in predictions
10,3,38.86,40.14,43.09,34.12,Medium Risk,Stable Demand,287,Medium Priority,Maintain current replenishment levels,Forecasted demand aligns closely with historical baseline levels,rolling_mean_7 SHAP contribution indicates a strong positive impact of recent sales,Demand is accelerating: 7-day moving average (34.6) exceeds 30-day baseline (33.7),Moderate uncertainty: stable metrics with minor variance
2,46,71.96,73.51,43.07,64.79,High Risk,Overstock Risk,288,Medium Priority,Maintain current replenishment levels,Forecasted demand aligns closely with historical baseline levels,rolling_mean_7 SHAP contribution indicates a strong positive impact of recent sales,Demand is slowing: 7-day moving average (63.6) has fallen below 30-day baseline (63.8),Elevated uncertainty: historical sales show significant variance
5,17,23.85,24.44,43.02,15.86,Low Risk,Stable Demand,289,Medium Priority,Maintain current replenishment levels,Forecasted demand aligns closely with historical baseline levels,"rolling_mean_7 SHAP contribution indicates a strong positive impact of recent sales, verifying high prediction confidence based on historical patterns",Demand is slowing: 7-day moving average (19.4) has fallen below 30-day baseline (20.9),Low forecast uncertainty: minimal volatility observed in predictions
4,8,78.24,78.7,42.99,70.04,Critical Risk,Overstock Risk,290,Medium Priority,Maintain current replenishment levels,Forecasted demand aligns closely with historical baseline levels,"rolling_mean_7 SHAP contribution indicates a strong positive impact of recent sales, verifying high prediction confidence based on historical patterns",Demand is slowing: 7-day moving average (66.1) has fallen below 30-day baseline (70.5),Critical risk of variance: high historical volatility and forecasting residuals
10,6,65.6,64.0,42.99,54.15,High Risk,Overstock Risk,291,Medium Priority,Maintain current replenishment levels,Forecasted demand aligns closely with historical baseline levels,rolling_mean_7 SHAP contribution indicates a strong positive impact of recent sales,Demand is slowing: 7-day moving average (55.7) has fallen below 30-day baseline (58.8),Elevated uncertainty: historical sales show significant variance
9,43,54.03,52.85,42.95,47.97,Medium Risk,Stable Demand,292,Medium Priority,Maintain current replenishment levels,Forecasted demand aligns closely with historical baseline levels,rolling_mean_7 SHAP contribution indicates a strong positive impact of recent sales,Demand is slowing: 7-day moving average (46.9) has fallen below 30-day baseline (47.5),Moderate uncertainty: stable metrics with minor variance
7,8,52.41,52.44,42.94,40.11,Medium Risk,Stable Demand,293,Medium Priority,Maintain current replenishment levels,Forecasted demand aligns closely with historical baseline levels,rolling_mean_7 SHAP contribution indicates a strong positive impact of recent sales,Demand is accelerating: 7-day moving average (46.7) exceeds 30-day baseline (45.5),Moderate uncertainty: stable metrics with minor variance
6,39,31.84,32.64,42.93,22.91,Low Risk,Stable Demand,294,Medium Priority,Maintain current replenishment levels,Forecasted demand aligns closely with historical baseline levels,"rolling_mean_7 SHAP contribution indicates a strong positive impact of recent sales, verifying high prediction confidence based on historical patterns",Demand is slowing: 7-day moving average (28.3) has fallen below 30-day baseline (29.0),Low forecast uncertainty: minimal volatility observed in predictions
4,44,30.07,30.21,42.93,22.19,Low Risk,Stable Demand,295,Medium Priority,Maintain current replenishment levels,Forecasted demand aligns closely with historical baseline levels,"rolling_mean_7 SHAP contribution indicates a strong positive impact of recent sales, verifying high prediction confidence based on historical patterns",Demand is slowing: 7-day moving average (25.0) has fallen below 30-day baseline (26.9),Low forecast uncertainty: minimal volatility observed in predictions
8,17,39.07,39.49,42.89,28.98,Low Risk,Stable Demand,296,Medium Priority,Maintain current replenishment levels,Forecasted demand aligns closely with historical baseline levels,rolling_mean_7 SHAP contribution indicates a strong positive impact of recent sales,Demand is slowing: 7-day moving average (33.7) has fallen below 30-day baseline (34.1),Low forecast uncertainty: minimal volatility observed in predictions
6,36,57.34,57.47,42.86,49.37,Medium Risk,Stable Demand,297,Medium Priority,Maintain current replenishment levels,Forecasted demand aligns closely with historical baseline levels,rolling_mean_7 SHAP contribution indicates a strong positive impact of recent sales,Demand is accelerating: 7-day moving average (50.4) exceeds 30-day baseline (48.8),Moderate uncertainty: stable metrics with minor variance
6,23,21.34,21.71,42.82,11.73,Low Risk,Stable Demand,298,Medium Priority,Maintain current replenishment levels,Forecasted demand aligns closely with historical baseline levels,"rolling_mean_7 SHAP contribution indicates a strong positive impact of recent sales, verifying high prediction confidence based on historical patterns",Demand is slowing: 7-day moving average (17.4) has fallen below 30-day baseline (19.5),Low forecast uncertainty: minimal volatility observed in predictions
8,22,91.79,96.47,42.8,87.84,Critical Risk,Overstock Risk,299,Medium Priority,Maintain current replenishment levels,Forecasted demand aligns closely with historical baseline levels,"rolling_mean_7 SHAP contribution indicates a strong positive impact of recent sales, verifying high prediction confidence based on historical patterns",Demand is slowing: 7-day moving average (79.6) has fallen below 30-day baseline (84.5),Critical risk of variance: high historical volatility and forecasting residuals
9,21,41.25,41.52,42.77,34.36,Medium Risk,Stable Demand,300,Medium Priority,Maintain current replenishment levels,Forecasted demand aligns closely with historical baseline levels,rolling_mean_7 SHAP contribution indicates a strong positive impact of recent sales,Demand is slowing: 7-day moving average (35.0) has fallen below 30-day baseline (35.4),Moderate uncertainty: stable metrics with minor variance
9,12,69.52,71.65,42.73,64.29,High Risk,Overstock Risk,301,Medium Priority,Maintain current replenishment levels,Forecasted demand aligns closely with historical baseline levels,rolling_mean_7 SHAP contribution indicates a strong positive impact of recent sales,Demand is accelerating: 7-day moving average (62.6) exceeds 30-day baseline (60.9),Elevated uncertainty: historical sales show significant variance
1,35,58.16,58.03,42.71,46.19,Medium Risk,Stable Demand,302,Medium Priority,Maintain current replenishment levels,Forecasted demand aligns closely with historical baseline levels,rolling_mean_7 SHAP contribution indicates a strong positive impact of recent sales,Demand is accelerating: 7-day moving average (52.0) exceeds 30-day baseline (51.1),Moderate uncertainty: stable metrics with minor variance
3,38,85.53,89.64,42.71,79.17,Critical Risk,Overstock Risk,303,Medium Priority,Maintain current replenishment levels,Forecasted demand aligns closely with historical baseline levels,"rolling_mean_7 SHAP contribution indicates a strong positive impact of recent sales, verifying high prediction confidence based on historical patterns",Demand is slowing: 7-day moving average (75.4) has fallen below 30-day baseline (78.0),Critical risk of variance: high historical volatility and forecasting residuals
1,31,52.21,51.78,42.62,42.17,Medium Risk,Stable Demand,304,Medium Priority,Maintain current replenishment levels,Forecasted demand aligns closely with historical baseline levels,rolling_mean_7 SHAP contribution indicates a strong positive impact of recent sales,Demand is accelerating: 7-day moving average (44.6) exceeds 30-day baseline (44.4),Moderate uncertainty: stable metrics with minor variance
6,48,38.26,38.06,42.53,28.1,Low Risk,Stable Demand,305,Medium Priority,Maintain current replenishment levels,Forecasted demand aligns closely with historical baseline levels,rolling_mean_7 SHAP contribution indicates a strong positive impact of recent sales,Demand is slowing: 7-day moving average (31.9) has fallen below 30-day baseline (33.7),Low forecast uncertainty: minimal volatility observed in predictions
4,9,53.93,52.87,42.53,45.73,Medium Risk,Stable Demand,306,Medium Priority,Maintain current replenishment levels,Forecasted demand aligns closely with historical baseline levels,rolling_mean_7 SHAP contribution indicates a strong positive impact of recent sales,Demand is slowing: 7-day moving average (46.0) has fallen below 30-day baseline (46.8),Moderate uncertainty: stable metrics with minor variance
6,8,57.15,56.95,42.49,48.41,Medium Risk,Stable Demand,307,Medium Priority,Maintain current replenishment levels,Forecasted demand aligns closely with historical baseline levels,rolling_mean_7 SHAP contribution indicates a strong positive impact of recent sales,Demand is accelerating: 7-day moving average (50.1) exceeds 30-day baseline (49.4),Moderate uncertainty: stable metrics with minor variance
9,10,72.85,75.04,42.48,66.41,High Risk,Overstock Risk,308,Medium Priority,Maintain current replenishment levels,Forecasted demand aligns closely with historical baseline levels,"rolling_mean_7 SHAP contribution indicates a strong positive impact of recent sales, verifying high prediction confidence based on historical patterns",Demand is slowing: 7-day moving average (65.7) has fallen below 30-day baseline (65.9),Elevated uncertainty: historical sales show significant variance
4,33,68.99,71.66,42.47,60.28,High Risk,Overstock Risk,309,Medium Priority,Maintain current replenishment levels,Forecasted demand aligns closely with historical baseline levels,rolling_mean_7 SHAP contribution indicates a strong positive impact of recent sales,Demand is accelerating: 7-day moving average (63.3) exceeds 30-day baseline (62.1),Elevated uncertainty: historical sales show significant variance
3,14,65.28,65.18,42.47,55.2,High Risk,Overstock Risk,310,Medium Priority,Maintain current replenishment levels,Forecasted demand aligns closely with historical baseline levels,rolling_mean_7 SHAP contribution indicates a strong positive impact of recent sales,Demand is slowing: 7-day moving average (56.4) has fallen below 30-day baseline (57.0),Elevated uncertainty: historical sales show significant variance
10,47,22.64,24.1,42.45,16.8,Low Risk,Stable Demand,311,Medium Priority,Reduce procurement volume by 6.0% to prevent inventory bloat,Forecasted demand is 6.0% lower than historical averages,"rolling_mean_7 SHAP contribution indicates a strong positive impact of recent sales, verifying high prediction confidence based on historical patterns",Demand is slowing: 7-day moving average (20.0) has fallen below 30-day baseline (20.1),Low forecast uncertainty: minimal volatility observed in predictions
10,41,23.65,24.13,42.42,15.05,Low Risk,Stable Demand,312,Medium Priority,Maintain current replenishment levels,Forecasted demand aligns closely with historical baseline levels,"rolling_mean_7 SHAP contribution indicates a strong positive impact of recent sales, verifying high prediction confidence based on historical patterns",Demand is slowing: 7-day moving average (20.1) has fallen below 30-day baseline (22.0),Low forecast uncertainty: minimal volatility observed in predictions
5,20,34.95,35.59,42.38,24.71,Low Risk,Stable Demand,313,Medium Priority,Maintain current replenishment levels,Forecasted demand aligns closely with historical baseline levels,rolling_mean_7 SHAP contribution indicates a strong positive impact of recent sales,Demand is slowing: 7-day moving average (30.1) has fallen below 30-day baseline (31.0),Low forecast uncertainty: minimal volatility observed in predictions
4,49,29.43,30.11,42.38,20.4,Low Risk,Stable Demand,314,Medium Priority,Maintain current replenishment levels,Forecasted demand aligns closely with historical baseline levels,"rolling_mean_7 SHAP contribution indicates a strong positive impact of recent sales, verifying high prediction confidence based on historical patterns",Demand is slowing: 7-day moving average (24.4) has fallen below 30-day baseline (25.7),Low forecast uncertainty: minimal volatility observed in predictions
7,4,13.58,15.08,42.37,2.82,Low Risk,Stable Demand,315,Medium Priority,Reduce procurement volume by 9.9% to prevent inventory bloat,Forecasted demand is 9.9% lower than historical averages,"rolling_mean_7 SHAP contribution indicates a strong positive impact of recent sales, verifying high prediction confidence based on historical patterns",Demand is accelerating: 7-day moving average (12.3) exceeds 30-day baseline (12.2),Low forecast uncertainty: minimal volatility observed in predictions
7,22,53.8,54.73,42.32,49.67,Medium Risk,Stable Demand,316,Medium Priority,Maintain current replenishment levels,Forecasted demand aligns closely with historical baseline levels,rolling_mean_7 SHAP contribution indicates a strong positive impact of recent sales,Demand is accelerating: 7-day moving average (49.6) exceeds 30-day baseline (47.1),Moderate uncertainty: stable metrics with minor variance
1,17,27.91,29.36,42.25,19.89,Low Risk,Stable Demand,317,Medium Priority,Maintain current replenishment levels,Forecasted demand aligns closely with historical baseline levels,"rolling_mean_7 SHAP contribution indicates a strong positive impact of recent sales, verifying high prediction confidence based on historical patterns",Demand is slowing: 7-day moving average (25.0) has fallen below 30-day baseline (25.1),Low forecast uncertainty: minimal volatility observed in predictions
2,49,35.36,36.89,42.25,27.77,Low Risk,Stable Demand,318,Medium Priority,Maintain current replenishment levels,Forecasted demand aligns closely with historical baseline levels,rolling_mean_7 SHAP contribution indicates a strong positive impact of recent sales,Demand is accelerating: 7-day moving average (31.7) exceeds 30-day baseline (31.2),Low forecast uncertainty: minimal volatility observed in predictions
3,39,49.33,48.84,42.24,41.19,Medium Risk,Stable Demand,319,Medium Priority,Maintain current replenishment levels,Forecasted demand aligns closely with historical baseline levels,rolling_mean_7 SHAP contribution indicates a strong positive impact of recent sales,Demand is slowing: 7-day moving average (43.0) has fallen below 30-day baseline (43.5),Moderate uncertainty: stable metrics with minor variance
3,7,64.11,65.01,42.22,51.67,High Risk,Overstock Risk,320,Medium Priority,Maintain current replenishment levels,Forecasted demand aligns closely with historical baseline levels,rolling_mean_7 SHAP contribution indicates a strong positive impact of recent sales,Demand is accelerating: 7-day moving average (57.4) exceeds 30-day baseline (56.9),Elevated uncertainty: historical sales show significant variance
2,37,36.03,36.46,42.21,28.12,Low Risk,Stable Demand,321,Medium Priority,Maintain current replenishment levels,Forecasted demand aligns closely with historical baseline levels,rolling_mean_7 SHAP contribution indicates a strong positive impact of recent sales,Demand is slowing: 7-day moving average (31.1) has fallen below 30-day baseline (32.3),Low forecast uncertainty: minimal volatility observed in predictions
7,46,39.48,39.82,41.97,32.63,Medium Risk,Stable Demand,322,Medium Priority,Maintain current replenishment levels,Forecasted demand aligns closely with historical baseline levels,rolling_mean_7 SHAP contribution indicates a strong positive impact of recent sales,Demand is slowing: 7-day moving average (33.4) has fallen below 30-day baseline (34.6),Moderate uncertainty: stable metrics with minor variance
3,20,53.66,52.88,41.88,44.31,Medium Risk,Stable Demand,323,Medium Priority,Maintain current replenishment levels,Forecasted demand aligns closely with historical baseline levels,rolling_mean_7 SHAP contribution indicates a strong positive impact of recent sales,Demand is slowing: 7-day moving average (46.4) has fallen below 30-day baseline (47.0),Moderate uncertainty: stable metrics with minor variance
2,43,64.33,64.28,41.84,56.61,High Risk,Overstock Risk,324,Medium Priority,Maintain current replenishment levels,Forecasted demand aligns closely with historical baseline levels,rolling_mean_7 SHAP contribution indicates a strong positive impact of recent sales,Demand is slowing: 7-day moving average (56.7) has fallen below 30-day baseline (57.8),Elevated uncertainty: historical sales show significant variance
1,43,44.51,45.14,41.81,38.16,Medium Risk,Stable Demand,325,Medium Priority,Maintain current replenishment levels,Forecasted demand aligns closely with historical baseline levels,rolling_mean_7 SHAP contribution indicates a strong positive impact of recent sales,Demand is accelerating: 7-day moving average (38.6) exceeds 30-day baseline (38.4),Moderate uncertainty: stable metrics with minor variance
5,34,17.83,19.21,41.72,9.79,Low Risk,Stable Demand,326,Medium Priority,Reduce procurement volume by 7.2% to prevent inventory bloat,Forecasted demand is 7.2% lower than historical averages,"rolling_mean_7 SHAP contribution indicates a strong positive impact of recent sales, verifying high prediction confidence based on historical patterns",Demand is slowing: 7-day moving average (15.6) has fallen below 30-day baseline (16.1),Low forecast uncertainty: minimal volatility observed in predictions
1,25,70.71,71.07,41.68,61.0,High Risk,Overstock Risk,327,Medium Priority,Maintain current replenishment levels,Forecasted demand aligns closely with historical baseline levels,rolling_mean_7 SHAP contribution indicates a strong positive impact of recent sales,Demand is slowing: 7-day moving average (60.3) has fallen below 30-day baseline (63.2),Elevated uncertainty: historical sales show significant variance
1,29,62.11,61.51,41.67,52.92,High Risk,Overstock Risk,328,Medium Priority,Maintain current replenishment levels,Forecasted demand aligns closely with historical baseline levels,rolling_mean_7 SHAP contribution indicates a strong positive impact of recent sales,Demand is slowing: 7-day moving average (53.9) has fallen below 30-day baseline (55.4),Elevated uncertainty: historical sales show significant variance
10,40,31.85,32.22,41.6,22.41,Low Risk,Stable Demand,329,Medium Priority,Maintain current replenishment levels,Forecasted demand aligns closely with historical baseline levels,"rolling_mean_7 SHAP contribution indicates a strong positive impact of recent sales, verifying high prediction confidence based on historical patterns",Demand is slowing: 7-day moving average (27.1) has fallen below 30-day baseline (29.2),Low forecast uncertainty: minimal volatility observed in predictions
7,10,48.1,49.83,41.52,42.77,Medium Risk,Stable Demand,330,Medium Priority,Maintain current replenishment levels,Forecasted demand aligns closely with historical baseline levels,rolling_mean_7 SHAP contribution indicates a strong positive impact of recent sales,Demand is accelerating: 7-day moving average (43.7) exceeds 30-day baseline (41.1),Moderate uncertainty: stable metrics with minor variance
2,35,79.53,82.49,41.51,70.89,Critical Risk,Overstock Risk,331,Medium Priority,Maintain current replenishment levels,Forecasted demand aligns closely with historical baseline levels,"rolling_mean_7 SHAP contribution indicates a strong positive impact of recent sales, verifying high prediction confidence based on historical patterns",Demand is slowing: 7-day moving average (69.0) has fallen below 30-day baseline (71.4),Critical risk of variance: high historical volatility and forecasting residuals
9,36,77.1,79.66,41.49,67.93,High Risk,Overstock Risk,332,Medium Priority,Maintain current replenishment levels,Forecasted demand aligns closely with historical baseline levels,"rolling_mean_7 SHAP contribution indicates a strong positive impact of recent sales, verifying high prediction confidence based on historical patterns",Demand is slowing: 7-day moving average (66.9) has fallen below 30-day baseline (68.7),Elevated uncertainty: historical sales show significant variance
9,41,20.84,22.58,41.41,14.66,Low Risk,Stable Demand,333,Medium Priority,Reduce procurement volume by 7.7% to prevent inventory bloat,Forecasted demand is 7.7% lower than historical averages,"rolling_mean_7 SHAP contribution indicates a strong positive impact of recent sales, verifying high prediction confidence based on historical patterns",Demand is slowing: 7-day moving average (18.6) has fallen below 30-day baseline (18.6),Low forecast uncertainty: minimal volatility observed in predictions
5,29,50.24,51.53,41.4,46.15,Medium Risk,Stable Demand,334,Medium Priority,Maintain current replenishment levels,Forecasted demand aligns closely with historical baseline levels,rolling_mean_7 SHAP contribution indicates a strong positive impact of recent sales,Demand is accelerating: 7-day moving average (44.6) exceeds 30-day baseline (42.6),Moderate uncertainty: stable metrics with minor variance
6,38,57.47,59.92,41.39,52.39,High Risk,Overstock Risk,335,Medium Priority,Maintain current replenishment levels,Forecasted demand aligns closely with historical baseline levels,rolling_mean_7 SHAP contribution indicates a strong positive impact of recent sales,Demand is accelerating: 7-day moving average (54.6) exceeds 30-day baseline (50.6),Elevated uncertainty: historical sales show significant variance
3,44,30.9,32.65,41.38,24.94,Low Risk,Stable Demand,336,Medium Priority,Reduce procurement volume by 5.4% to prevent inventory bloat,Forecasted demand is 5.4% lower than historical averages,"rolling_mean_7 SHAP contribution indicates a strong positive impact of recent sales, verifying high prediction confidence based on historical patterns",Demand is accelerating: 7-day moving average (27.3) exceeds 30-day baseline (27.1),Low forecast uncertainty: minimal volatility observed in predictions
7,47,13.91,15.07,41.32,3.46,Low Risk,Stable Demand,337,Medium Priority,Reduce procurement volume by 7.7% to prevent inventory bloat,Forecasted demand is 7.7% lower than historical averages,"rolling_mean_7 SHAP contribution indicates a strong positive impact of recent sales, verifying high prediction confidence based on historical patterns",Demand is slowing: 7-day moving average (12.0) has fallen below 30-day baseline (12.7),Low forecast uncertainty: minimal volatility observed in predictions
6,1,14.85,16.41,41.31,1.99,Low Risk,Stable Demand,338,Medium Priority,Reduce procurement volume by 9.5% to prevent inventory bloat,Forecasted demand is 9.5% lower than historical averages,"rolling_mean_7 SHAP contribution indicates a strong positive impact of recent sales, verifying high prediction confidence based on historical patterns",Demand is slowing: 7-day moving average (13.3) has fallen below 30-day baseline (13.5),Low forecast uncertainty: minimal volatility observed in predictions
10,33,72.68,76.42,41.31,68.36,High Risk,Overstock Risk,339,Medium Priority,Maintain current replenishment levels,Forecasted demand aligns closely with historical baseline levels,rolling_mean_7 SHAP contribution indicates a strong positive impact of recent sales,Demand is accelerating: 7-day moving average (66.1) exceeds 30-day baseline (64.7),Elevated uncertainty: historical sales show significant variance
8,3,44.0,43.98,41.24,37.89,Medium Risk,Stable Demand,340,Medium Priority,Maintain current replenishment levels,Forecasted demand aligns closely with historical baseline levels,rolling_mean_7 SHAP contribution indicates a strong positive impact of recent sales,Demand is slowing: 7-day moving average (37.0) has fallen below 30-day baseline (38.2),Moderate uncertainty: stable metrics with minor variance
2,22,91.79,100.75,41.22,88.5,Critical Risk,Overstock Risk,341,Medium Priority,Reduce procurement volume by 8.9% to prevent inventory bloat,Forecasted demand is 8.9% lower than historical averages,"rolling_mean_7 SHAP contribution indicates a strong positive impact of recent sales, verifying high prediction confidence based on historical patterns",Demand is slowing: 7-day moving average (85.1) has fallen below 30-day baseline (88.3),Critical risk of variance: high historical volatility and forecasting residuals
2,33,83.81,87.39,41.16,74.45,Critical Risk,Overstock Risk,342,Medium Priority,Maintain current replenishment levels,Forecasted demand aligns closely with historical baseline levels,"rolling_mean_7 SHAP contribution indicates a strong positive impact of recent sales, verifying high prediction confidence based on historical patterns",Demand is slowing: 7-day moving average (71.3) has fallen below 30-day baseline (75.1),Critical risk of variance: high historical volatility and forecasting residuals
6,28,64.16,64.85,41.14,59.22,High Risk,Overstock Risk,343,Medium Priority,Maintain current replenishment levels,Forecasted demand aligns closely with historical baseline levels,rolling_mean_7 SHAP contribution indicates a strong positive impact of recent sales,Demand is slowing: 7-day moving average (56.0) has fallen below 30-day baseline (56.3),Elevated uncertainty: historical sales show significant variance
10,32,47.37,48.17,41.04,38.57,Medium Risk,Stable Demand,344,Medium Priority,Maintain current replenishment levels,Forecasted demand aligns closely with historical baseline levels,rolling_mean_7 SHAP contribution indicates a strong positive impact of recent sales,Demand is accelerating: 7-day moving average (41.3) exceeds 30-day baseline (40.7),Moderate uncertainty: stable metrics with minor variance
1,36,67.23,67.71,40.95,60.01,High Risk,Overstock Risk,345,Medium Priority,Maintain current replenishment levels,Forecasted demand aligns closely with historical baseline levels,rolling_mean_7 SHAP contribution indicates a strong positive impact of recent sales,Demand is slowing: 7-day moving average (57.7) has fallen below 30-day baseline (60.1),Elevated uncertainty: historical sales show significant variance
3,1,24.1,24.38,40.94,14.73,Low Risk,Stable Demand,346,Medium Priority,Maintain current replenishment levels,Forecasted demand aligns closely with historical baseline levels,"rolling_mean_7 SHAP contribution indicates a strong positive impact of recent sales, verifying high prediction confidence based on historical patterns",Demand is slowing: 7-day moving average (20.1) has fallen below 30-day baseline (23.0),Low forecast uncertainty: minimal volatility observed in predictions
1,12,61.47,61.59,40.92,52.28,High Risk,Overstock Risk,347,Medium Priority,Maintain current replenishment levels,Forecasted demand aligns closely with historical baseline levels,rolling_mean_7 SHAP contribution indicates a strong positive impact of recent sales,Demand is slowing: 7-day moving average (53.7) has fallen below 30-day baseline (54.3),Elevated uncertainty: historical sales show significant variance
8,30,46.59,48.06,40.83,40.95,Medium Risk,Stable Demand,348,Medium Priority,Maintain current replenishment levels,Forecasted demand aligns closely with historical baseline levels,rolling_mean_7 SHAP contribution indicates a strong positive impact of recent sales,Demand is accelerating: 7-day moving average (41.4) exceeds 30-day baseline (40.0),Moderate uncertainty: stable metrics with minor variance
6,35,48.38,48.87,40.81,42.03,Medium Risk,Stable Demand,349,Medium Priority,Maintain current replenishment levels,Forecasted demand aligns closely with historical baseline levels,rolling_mean_7 SHAP contribution indicates a strong positive impact of recent sales,Demand is accelerating: 7-day moving average (42.1) exceeds 30-day baseline (42.0),Moderate uncertainty: stable metrics with minor variance
1,33,61.33,61.18,40.77,54.4,High Risk,Overstock Risk,350,Medium Priority,Maintain current replenishment levels,Forecasted demand aligns closely with historical baseline levels,rolling_mean_7 SHAP contribution indicates a strong positive impact of recent sales,Demand is slowing: 7-day moving average (54.0) has fallen below 30-day baseline (55.1),Elevated uncertainty: historical sales show significant variance
10,1,22.31,24.2,40.65,13.15,Low Risk,Stable Demand,351,Medium Priority,Reduce procurement volume by 7.8% to prevent inventory bloat,Forecasted demand is 7.8% lower than historical averages,"rolling_mean_7 SHAP contribution indicates a strong positive impact of recent sales, verifying high prediction confidence based on historical patterns",Demand is slowing: 7-day moving average (19.7) has fallen below 30-day baseline (19.9),Low forecast uncertainty: minimal volatility observed in predictions
4,2,60.43,60.28,40.6,51.35,High Risk,Overstock Risk,352,Medium Priority,Maintain current replenishment levels,Forecasted demand aligns closely with historical baseline levels,rolling_mean_7 SHAP contribution indicates a strong positive impact of recent sales,Demand is slowing: 7-day moving average (52.0) has fallen below 30-day baseline (53.0),Elevated uncertainty: historical sales show significant variance
4,31,60.25,59.89,40.56,49.28,Medium Risk,Stable Demand,353,Medium Priority,Maintain current replenishment levels,Forecasted demand aligns closely with historical baseline levels,rolling_mean_7 SHAP contribution indicates a strong positive impact of recent sales,Demand is slowing: 7-day moving average (52.9) has fallen below 30-day baseline (54.6),Moderate uncertainty: stable metrics with minor variance
7,35,45.28,44.88,40.53,35.29,Medium Risk,Stable Demand,354,Medium Priority,Maintain current replenishment levels,Forecasted demand aligns closely with historical baseline levels,rolling_mean_7 SHAP contribution indicates a strong positive impact of recent sales,Demand is slowing: 7-day moving average (37.6) has fallen below 30-day baseline (40.0),Moderate uncertainty: stable metrics with minor variance
5,8,56.18,57.08,40.52,51.88,High Risk,Overstock Risk,355,Medium Priority,Maintain current replenishment levels,Forecasted demand aligns closely with historical baseline levels,rolling_mean_7 SHAP contribution indicates a strong positive impact of recent sales,Demand is accelerating: 7-day moving average (50.6) exceeds 30-day baseline (49.3),Elevated uncertainty: historical sales show significant variance
1,40,24.24,25.79,40.52,15.05,Low Risk,Stable Demand,356,Medium Priority,Reduce procurement volume by 6.0% to prevent inventory bloat,Forecasted demand is 6.0% lower than historical averages,"rolling_mean_7 SHAP contribution indicates a strong positive impact of recent sales, verifying high prediction confidence based on historical patterns",Demand is slowing: 7-day moving average (21.1) has fallen below 30-day baseline (21.7),Low forecast uncertainty: minimal volatility observed in predictions
9,15,87.24,91.02,40.47,79.02,Critical Risk,Overstock Risk,357,Medium Priority,Maintain current replenishment levels,Forecasted demand aligns closely with historical baseline levels,"rolling_mean_7 SHAP contribution indicates a strong positive impact of recent sales, verifying high prediction confidence based on historical patterns",Demand is slowing: 7-day moving average (73.0) has fallen below 30-day baseline (79.3),Critical risk of variance: high historical volatility and forecasting residuals
2,10,88.43,91.69,40.46,83.17,Critical Risk,Overstock Risk,358,Medium Priority,Maintain current replenishment levels,Forecasted demand aligns closely with historical baseline levels,"rolling_mean_7 SHAP contribution indicates a strong positive impact of recent sales, verifying high prediction confidence based on historical patterns",Demand is slowing: 7-day moving average (73.3) has fallen below 30-day baseline (80.9),Critical risk of variance: high historical volatility and forecasting residuals
6,30,29.55,30.07,40.35,21.58,Low Risk,Stable Demand,359,Medium Priority,Maintain current replenishment levels,Forecasted demand aligns closely with historical baseline levels,"rolling_mean_7 SHAP contribution indicates a strong positive impact of recent sales, verifying high prediction confidence based on historical patterns",Demand is slowing: 7-day moving average (24.6) has fallen below 30-day baseline (26.9),Low forecast uncertainty: minimal volatility observed in predictions
7,21,25.95,27.52,40.31,17.37,Low Risk,Stable Demand,360,Medium Priority,Reduce procurement volume by 5.7% to prevent inventory bloat,Forecasted demand is 5.7% lower than historical averages,"rolling_mean_7 SHAP contribution indicates a strong positive impact of recent sales, verifying high prediction confidence based on historical patterns",Demand is slowing: 7-day moving average (22.9) has fallen below 30-day baseline (23.5),Low forecast uncertainty: minimal volatility observed in predictions
10,50,71.24,72.44,40.3,61.54,High Risk,Overstock Risk,361,Medium Priority,Maintain current replenishment levels,Forecasted demand aligns closely with historical baseline levels,rolling_mean_7 SHAP contribution indicates a strong positive impact of recent sales,Demand is slowing: 7-day moving average (60.9) has fallen below 30-day baseline (63.5),Elevated uncertainty: historical sales show significant variance
7,12,47.41,47.37,40.26,40.1,Medium Risk,Stable Demand,362,Medium Priority,Maintain current replenishment levels,Forecasted demand aligns closely with historical baseline levels,rolling_mean_7 SHAP contribution indicates a strong positive impact of recent sales,Demand is slowing: 7-day moving average (41.1) has fallen below 30-day baseline (42.6),Moderate uncertainty: stable metrics with minor variance
6,49,20.59,21.65,40.26,10.77,Low Risk,Stable Demand,363,Medium Priority,Maintain current replenishment levels,Forecasted demand aligns closely with historical baseline levels,"rolling_mean_7 SHAP contribution indicates a strong positive impact of recent sales, verifying high prediction confidence based on historical patterns",Demand is slowing: 7-day moving average (17.0) has fallen below 30-day baseline (18.4),Low forecast uncertainty: minimal volatility observed in predictions
10,43,57.21,56.47,40.23,50.1,High Risk,Overstock Risk,364,Medium Priority,Maintain current replenishment levels,Forecasted demand aligns closely with historical baseline levels,rolling_mean_7 SHAP contribution indicates a strong positive impact of recent sales,Demand is slowing: 7-day moving average (48.9) has fallen below 30-day baseline (50.9),Elevated uncertainty: historical sales show significant variance
4,7,59.39,60.21,40.21,54.91,High Risk,Overstock Risk,365,Medium Priority,Maintain current replenishment levels,Forecasted demand aligns closely with historical baseline levels,rolling_mean_7 SHAP contribution indicates a strong positive impact of recent sales,Demand is accelerating: 7-day moving average (52.4) exceeds 30-day baseline (52.2),Elevated uncertainty: historical sales show significant variance
5,41,15.0,16.42,40.2,6.58,Low Risk,Stable Demand,366,Medium Priority,Reduce procurement volume by 8.7% to prevent inventory bloat,Forecasted demand is 8.7% lower than historical averages,"rolling_mean_7 SHAP contribution indicates a strong positive impact of recent sales, verifying high prediction confidence based on historical patterns",Demand is slowing: 7-day moving average (13.1) has fallen below 30-day baseline (13.9),Low forecast uncertainty: minimal volatility observed in predictions
9,48,53.63,52.72,40.16,43.87,Medium Risk,Stable Demand,367,Medium Priority,Maintain current replenishment levels,Forecasted demand aligns closely with historical baseline levels,rolling_mean_7 SHAP contribution indicates a strong positive impact of recent sales,Demand is slowing: 7-day moving average (44.6) has fallen below 30-day baseline (47.0),Moderate uncertainty: stable metrics with minor variance
3,35,71.44,73.03,39.93,62.81,High Risk,Overstock Risk,368,Medium Priority,Maintain current replenishment levels,Forecasted demand aligns closely with historical baseline levels,rolling_mean_7 SHAP contribution indicates a strong positive impact of recent sales,Demand is slowing: 7-day moving average (61.6) has fallen below 30-day baseline (64.2),Elevated uncertainty: historical sales show significant variance
1,46,51.42,51.52,39.88,39.89,Medium Risk,Declining Demand,369,Medium Priority,Maintain current replenishment levels,Forecasted demand aligns closely with historical baseline levels,rolling_mean_7 SHAP contribution indicates a strong positive impact of recent sales,Demand is slowing: 7-day moving average (44.4) has fallen below 30-day baseline (45.1),Moderate uncertainty: stable metrics with minor variance
9,44,29.23,30.28,39.7,20.83,Low Risk,Declining Demand,370,Medium Priority,Maintain current replenishment levels,Forecasted demand aligns closely with historical baseline levels,"rolling_mean_7 SHAP contribution indicates a strong positive impact of recent sales, verifying high prediction confidence based on historical patterns",Demand is slowing: 7-day moving average (24.3) has fallen below 30-day baseline (26.1),Low forecast uncertainty: minimal volatility observed in predictions
2,20,58.62,59.55,39.69,46.91,Medium Risk,Declining Demand,371,Medium Priority,Maintain current replenishment levels,Forecasted demand aligns closely with historical baseline levels,rolling_mean_7 SHAP contribution indicates a strong positive impact of recent sales,Demand is accelerating: 7-day moving average (51.3) exceeds 30-day baseline (50.7),Moderate uncertainty: stable metrics with minor variance
1,50,57.47,57.95,39.67,46.57,Medium Risk,Declining Demand,372,Medium Priority,Maintain current replenishment levels,Forecasted demand aligns closely with historical baseline levels,rolling_mean_7 SHAP contribution indicates a strong positive impact of recent sales,Demand is accelerating: 7-day moving average (51.3) exceeds 30-day baseline (51.2),Moderate uncertainty: stable metrics with minor variance
7,27,13.68,14.84,39.62,4.51,Low Risk,Declining Demand,373,Medium Priority,Reduce procurement volume by 7.8% to prevent inventory bloat,Forecasted demand is 7.8% lower than historical averages,"rolling_mean_7 SHAP contribution indicates a strong positive impact of recent sales, verifying high prediction confidence based on historical patterns",Demand is slowing: 7-day moving average (10.7) has fallen below 30-day baseline (11.8),Low forecast uncertainty: minimal volatility observed in predictions
3,3,40.92,40.72,39.58,33.13,Medium Risk,Declining Demand,374,Medium Priority,Maintain current replenishment levels,Forecasted demand aligns closely with historical baseline levels,rolling_mean_7 SHAP contribution indicates a strong positive impact of recent sales,Demand is slowing: 7-day moving average (33.7) has fallen below 30-day baseline (36.9),Moderate uncertainty: stable metrics with minor variance
9,50,65.86,67.84,39.54,55.22,High Risk,Overstock Risk,375,Medium Priority,Maintain current replenishment levels,Forecasted demand aligns closely with historical baseline levels,rolling_mean_7 SHAP contribution indicates a strong positive impact of recent sales,Demand is slowing: 7-day moving average (57.9) has fallen below 30-day baseline (58.7),Elevated uncertainty: historical sales show significant variance
9,30,41.28,41.49,39.49,37.81,Medium Risk,Declining Demand,376,Medium Priority,Maintain current replenishment levels,Forecasted demand aligns closely with historical baseline levels,rolling_mean_7 SHAP contribution indicates a strong positive impact of recent sales,Demand is slowing: 7-day moving average (34.0) has fallen below 30-day baseline (36.4),Moderate uncertainty: stable metrics with minor variance
9,8,76.76,79.34,39.48,68.04,High Risk,Overstock Risk,377,Medium Priority,Maintain current replenishment levels,Forecasted demand aligns closely with historical baseline levels,"rolling_mean_7 SHAP contribution indicates a strong positive impact of recent sales, verifying high prediction confidence based on historical patterns",Demand is slowing: 7-day moving average (65.1) has fallen below 30-day baseline (69.3),Elevated uncertainty: historical sales show significant variance
1,8,67.14,67.75,39.45,60.82,High Risk,Overstock Risk,378,Medium Priority,Maintain current replenishment levels,Forecasted demand aligns closely with historical baseline levels,rolling_mean_7 SHAP contribution indicates a strong positive impact of recent sales,Demand is slowing: 7-day moving average (57.4) has fallen below 30-day baseline (60.3),Elevated uncertainty: historical sales show significant variance
8,37,34.94,35.11,39.44,25.99,Low Risk,Declining Demand,379,Medium Priority,Maintain current replenishment levels,Forecasted demand aligns closely with historical baseline levels,rolling_mean_7 SHAP contribution indicates a strong positive impact of recent sales,Demand is slowing: 7-day moving average (28.4) has fallen below 30-day baseline (31.8),Low forecast uncertainty: minimal volatility observed in predictions
2,26,59.1,59.47,39.42,50.93,High Risk,Overstock Risk,380,Medium Priority,Maintain current replenishment levels,Forecasted demand aligns closely with historical baseline levels,rolling_mean_7 SHAP contribution indicates a strong positive impact of recent sales,Demand is slowing: 7-day moving average (51.4) has fallen below 30-day baseline (52.7),Elevated uncertainty: historical sales show significant variance
2,1,25.61,27.51,39.41,17.64,Low Risk,Declining Demand,381,Medium Priority,Reduce procurement volume by 6.9% to prevent inventory bloat,Forecasted demand is 6.9% lower than historical averages,"rolling_mean_7 SHAP contribution indicates a strong positive impact of recent sales, verifying high prediction confidence based on historical patterns",Demand is slowing: 7-day moving average (21.9) has fallen below 30-day baseline (22.3),Low forecast uncertainty: minimal volatility observed in predictions
10,44,30.09,32.11,39.35,21.62,Low Risk,Declining Demand,382,Medium Priority,Reduce procurement volume by 6.3% to prevent inventory bloat,Forecasted demand is 6.3% lower than historical averages,"rolling_mean_7 SHAP contribution indicates a strong positive impact of recent sales, verifying high prediction confidence based on historical patterns",Demand is slowing: 7-day moving average (26.4) has fallen below 30-day baseline (26.7),Low forecast uncertainty: minimal volatility observed in predictions
1,23,23.89,25.77,39.33,17.04,Low Risk,Declining Demand,383,Medium Priority,Reduce procurement volume by 7.3% to prevent inventory bloat,Forecasted demand is 7.3% lower than historical averages,"rolling_mean_7 SHAP contribution indicates a strong positive impact of recent sales, verifying high prediction confidence based on historical patterns",Demand is slowing: 7-day moving average (21.3) has fallen below 30-day baseline (21.9),Low forecast uncertainty: minimal volatility observed in predictions
4,35,66.03,67.18,39.29,58.58,High Risk,Overstock Risk,384,Medium Priority,Maintain current replenishment levels,Forecasted demand aligns closely with historical baseline levels,rolling_mean_7 SHAP contribution indicates a strong positive impact of recent sales,Demand is slowing: 7-day moving average (56.6) has fallen below 30-day baseline (58.2),Elevated uncertainty: historical sales show significant variance
4,10,73.13,75.31,39.22,64.94,High Risk,Overstock Risk,385,Medium Priority,Maintain current replenishment levels,Forecasted demand aligns closely with historical baseline levels,"rolling_mean_7 SHAP contribution indicates a strong positive impact of recent sales, verifying high prediction confidence based on historical patterns",Demand is slowing: 7-day moving average (63.6) has fallen below 30-day baseline (67.4),Elevated uncertainty: historical sales show significant variance
4,20,46.88,48.85,39.12,41.59,Medium Risk,Declining Demand,386,Medium Priority,Maintain current replenishment levels,Forecasted demand aligns closely with historical baseline levels,rolling_mean_7 SHAP contribution indicates a strong positive impact of recent sales,Demand is accelerating: 7-day moving average (41.9) exceeds 30-day baseline (40.5),Moderate uncertainty: stable metrics with minor variance
6,26,33.87,35.23,39.07,25.38,Low Risk,Declining Demand,387,Medium Priority,Maintain current replenishment levels,Forecasted demand aligns closely with historical baseline levels,rolling_mean_7 SHAP contribution indicates a strong positive impact of recent sales,Demand is slowing: 7-day moving average (29.0) has fallen below 30-day baseline (30.2),Low forecast uncertainty: minimal volatility observed in predictions
5,49,19.91,21.76,39.06,13.39,Low Risk,Declining Demand,388,Medium Priority,Reduce procurement volume by 8.5% to prevent inventory bloat,Forecasted demand is 8.5% lower than historical averages,"rolling_mean_7 SHAP contribution indicates a strong positive impact of recent sales, verifying high prediction confidence based on historical patterns",Demand is slowing: 7-day moving average (17.3) has fallen below 30-day baseline (17.8),Low forecast uncertainty: minimal volatility observed in predictions
3,8,81.83,85.45,38.96,75.72,Critical Risk,Overstock Risk,389,Medium Priority,Maintain current replenishment levels,Forecasted demand aligns closely with historical baseline levels,"rolling_mean_7 SHAP contribution indicates a strong positive impact of recent sales, verifying high prediction confidence based on historical patterns",Demand is slowing: 7-day moving average (69.3) has fallen below 30-day baseline (74.5),Critical risk of variance: high historical volatility and forecasting residuals
5,25,57.92,59.6,38.73,51.7,High Risk,Overstock Risk,390,Medium Priority,Maintain current replenishment levels,Forecasted demand aligns closely with historical baseline levels,rolling_mean_7 SHAP contribution indicates a strong positive impact of recent sales,Demand is accelerating: 7-day moving average (51.7) exceeds 30-day baseline (50.6),Elevated uncertainty: historical sales show significant variance
4,14,59.31,60.35,38.71,52.78,High Risk,Overstock Risk,391,Medium Priority,Maintain current replenishment levels,Forecasted demand aligns closely with historical baseline levels,rolling_mean_7 SHAP contribution indicates a strong positive impact of recent sales,Demand is slowing: 7-day moving average (52.4) has fallen below 30-day baseline (53.1),Elevated uncertainty: historical sales show significant variance
2,6,70.23,73.23,38.67,64.9,High Risk,Overstock Risk,392,Medium Priority,Maintain current replenishment levels,Forecasted demand aligns closely with historical baseline levels,rolling_mean_7 SHAP contribution indicates a strong positive impact of recent sales,Demand is slowing: 7-day moving average (63.0) has fallen below 30-day baseline (64.2),Elevated uncertainty: historical sales show significant variance
7,6,39.1,39.73,38.66,31.64,Medium Risk,Declining Demand,393,Medium Priority,Maintain current replenishment levels,Forecasted demand aligns closely with historical baseline levels,rolling_mean_7 SHAP contribution indicates a strong positive impact of recent sales,Demand is slowing: 7-day moving average (32.1) has fallen below 30-day baseline (34.7),Moderate uncertainty: stable metrics with minor variance
8,23,33.53,35.1,38.61,29.92,Low Risk,Declining Demand,394,Medium Priority,Maintain current replenishment levels,Forecasted demand aligns closely with historical baseline levels,rolling_mean_7 SHAP contribution indicates a strong positive impact of recent sales,Demand is slowing: 7-day moving average (29.6) has fallen below 30-day baseline (30.8),Low forecast uncertainty: minimal volatility observed in predictions
5,30,28.54,30.07,38.56,20.9,Low Risk,Declining Demand,395,Medium Priority,Reduce procurement volume by 5.1% to prevent inventory bloat,Forecasted demand is 5.1% lower than historical averages,"rolling_mean_7 SHAP contribution indicates a strong positive impact of recent sales, verifying high prediction confidence based on historical patterns",Demand is slowing: 7-day moving average (23.9) has fallen below 30-day baseline (25.2),Low forecast uncertainty: minimal volatility observed in predictions
8,27,24.76,26.45,38.49,17.42,Low Risk,Declining Demand,396,Medium Priority,Reduce procurement volume by 6.4% to prevent inventory bloat,Forecasted demand is 6.4% lower than historical averages,"rolling_mean_7 SHAP contribution indicates a strong positive impact of recent sales, verifying high prediction confidence based on historical patterns",Demand is slowing: 7-day moving average (21.3) has fallen below 30-day baseline (22.3),Low forecast uncertainty: minimal volatility observed in predictions
10,34,25.65,28.17,38.49,20.52,Low Risk,Declining Demand,397,Medium Priority,Reduce procurement volume by 8.9% to prevent inventory bloat,Forecasted demand is 8.9% lower than historical averages,"rolling_mean_7 SHAP contribution indicates a strong positive impact of recent sales, verifying high prediction confidence based on historical patterns",Demand is accelerating: 7-day moving average (23.1) exceeds 30-day baseline (23.0),Low forecast uncertainty: minimal volatility observed in predictions
5,36,57.49,57.3,38.41,50.01,High Risk,Overstock Risk,398,Medium Priority,Maintain current replenishment levels,Forecasted demand aligns closely with historical baseline levels,rolling_mean_7 SHAP contribution indicates a strong positive impact of recent sales,Demand is slowing: 7-day moving average (49.6) has fallen below 30-day baseline (52.3),Elevated uncertainty: historical sales show significant variance
6,11,51.36,51.82,38.41,43.2,Medium Risk,Declining Demand,399,Medium Priority,Maintain current replenishment levels,Forecasted demand aligns closely with historical baseline levels,rolling_mean_7 SHAP contribution indicates a strong positive impact of recent sales,Demand is slowing: 7-day moving average (44.3) has fallen below 30-day baseline (45.6),Moderate uncertainty: stable metrics with minor variance
7,33,45.15,47.23,38.25,40.71,Medium Risk,Declining Demand,400,Medium Priority,Maintain current replenishment levels,Forecasted demand aligns closely with historical baseline levels,rolling_mean_7 SHAP contribution indicates a strong positive impact of recent sales,Demand is accelerating: 7-day moving average (41.0) exceeds 30-day baseline (40.5),Moderate uncertainty: stable metrics with minor variance
2,14,71.26,73.51,38.24,62.9,High Risk,Overstock Risk,401,Medium Priority,Maintain current replenishment levels,Forecasted demand aligns closely with historical baseline levels,rolling_mean_7 SHAP contribution indicates a strong positive impact of recent sales,Demand is slowing: 7-day moving average (61.4) has fallen below 30-day baseline (64.6),Elevated uncertainty: historical sales show significant variance
7,3,23.35,24.86,38.2,14.76,Low Risk,Declining Demand,402,Medium Priority,Reduce procurement volume by 6.1% to prevent inventory bloat,Forecasted demand is 6.1% lower than historical averages,"rolling_mean_7 SHAP contribution indicates a strong positive impact of recent sales, verifying high prediction confidence based on historical patterns",Demand is slowing: 7-day moving average (20.4) has fallen below 30-day baseline (22.0),Low forecast uncertainty: minimal volatility observed in predictions
1,13,71.96,74.41,38.19,64.46,High Risk,Overstock Risk,403,Medium Priority,Maintain current replenishment levels,Forecasted demand aligns closely with historical baseline levels,rolling_mean_7 SHAP contribution indicates a strong positive impact of recent sales,Demand is slowing: 7-day moving average (62.1) has fallen below 30-day baseline (65.4),Elevated uncertainty: historical sales show significant variance
7,28,57.57,59.73,38.18,50.98,High Risk,Overstock Risk,404,Medium Priority,Maintain current replenishment levels,Forecasted demand aligns closely with historical baseline levels,rolling_mean_7 SHAP contribution indicates a strong positive impact of recent sales,Demand is accelerating: 7-day moving average (51.4) exceeds 30-day baseline (49.8),Elevated uncertainty: historical sales show significant variance
10,49,29.35,32.36,38.14,25.99,Low Risk,Declining Demand,405,Medium Priority,Reduce procurement volume by 9.3% to prevent inventory bloat,Forecasted demand is 9.3% lower than historical averages,"rolling_mean_7 SHAP contribution indicates a strong positive impact of recent sales, verifying high prediction confidence based on historical patterns",Demand is accelerating: 7-day moving average (26.4) exceeds 30-day baseline (25.8),Low forecast uncertainty: minimal volatility observed in predictions
8,49,32.9,35.17,38.14,25.95,Low Risk,Declining Demand,406,Medium Priority,Reduce procurement volume by 6.5% to prevent inventory bloat,Forecasted demand is 6.5% lower than historical averages,"rolling_mean_7 SHAP contribution indicates a strong positive impact of recent sales, verifying high prediction confidence based on historical patterns",Demand is slowing: 7-day moving average (29.3) has fallen below 30-day baseline (29.6),Low forecast uncertainty: minimal volatility observed in predictions
9,31,59.96,60.16,38.04,54.13,High Risk,Overstock Risk,407,Medium Priority,Maintain current replenishment levels,Forecasted demand aligns closely with historical baseline levels,rolling_mean_7 SHAP contribution indicates a strong positive impact of recent sales,Demand is slowing: 7-day moving average (52.0) has fallen below 30-day baseline (54.5),Elevated uncertainty: historical sales show significant variance
5,45,58.35,60.02,38.04,53.26,High Risk,Overstock Risk,408,Medium Priority,Maintain current replenishment levels,Forecasted demand aligns closely with historical baseline levels,rolling_mean_7 SHAP contribution indicates a strong positive impact of recent sales,Demand is slowing: 7-day moving average (51.7) has fallen below 30-day baseline (52.1),Elevated uncertainty: historical sales show significant variance
6,21,28.15,30.13,37.95,21.36,Low Risk,Declining Demand,409,Medium Priority,Reduce procurement volume by 6.6% to prevent inventory bloat,Forecasted demand is 6.6% lower than historical averages,"rolling_mean_7 SHAP contribution indicates a strong positive impact of recent sales, verifying high prediction confidence based on historical patterns",Demand is slowing: 7-day moving average (24.1) has fallen below 30-day baseline (25.0),Low forecast uncertainty: minimal volatility observed in predictions
1,28,74.47,77.61,37.94,70.73,Critical Risk,Overstock Risk,410,Medium Priority,Maintain current replenishment levels,Forecasted demand aligns closely with historical baseline levels,"rolling_mean_7 SHAP contribution indicates a strong positive impact of recent sales, verifying high prediction confidence based on historical patterns",Demand is slowing: 7-day moving average (64.1) has fallen below 30-day baseline (67.6),Critical risk of variance: high historical volatility and forecasting residuals
5,40,19.82,21.57,37.87,12.9,Low Risk,Declining Demand,411,Medium Priority,Reduce procurement volume by 8.1% to prevent inventory bloat,Forecasted demand is 8.1% lower than historical averages,"rolling_mean_7 SHAP contribution indicates a strong positive impact of recent sales, verifying high prediction confidence based on historical patterns",Demand is slowing: 7-day moving average (17.0) has fallen below 30-day baseline (18.0),Low forecast uncertainty: minimal volatility observed in predictions
10,48,55.69,56.43,37.61,49.71,Medium Risk,Declining Demand,412,Medium Priority,Maintain current replenishment levels,Forecasted demand aligns closely with historical baseline levels,rolling_mean_7 SHAP contribution indicates a strong positive impact of recent sales,Demand is slowing: 7-day moving average (48.0) has fallen below 30-day baseline (49.2),Moderate uncertainty: stable metrics with minor variance
8,18,91.76,101.42,37.46,86.96,Critical Risk,Overstock Risk,413,Medium Priority,Reduce procurement volume by 9.5% to prevent inventory bloat,Forecasted demand is 9.5% lower than historical averages,"rolling_mean_7 SHAP contribution indicates a strong positive impact of recent sales, verifying high prediction confidence based on historical patterns",Demand is slowing: 7-day moving average (80.7) has fallen below 30-day baseline (85.8),Critical risk of variance: high historical volatility and forecasting residuals
2,3,46.56,45.78,37.44,35.8,Medium Risk,Declining Demand,414,Medium Priority,Maintain current replenishment levels,Forecasted demand aligns closely with historical baseline levels,rolling_mean_7 SHAP contribution indicates a strong positive impact of recent sales,Demand is slowing: 7-day moving average (37.3) has fallen below 30-day baseline (42.4),Moderate uncertainty: stable metrics with minor variance
9,33,68.56,71.41,37.34,61.3,High Risk,Overstock Risk,415,Medium Priority,Maintain current replenishment levels,Forecasted demand aligns closely with historical baseline levels,rolling_mean_7 SHAP contribution indicates a strong positive impact of recent sales,Demand is slowing: 7-day moving average (59.7) has fallen below 30-day baseline (61.7),Elevated uncertainty: historical sales show significant variance
3,41,22.92,24.35,37.34,14.68,Low Risk,Declining Demand,416,Medium Priority,Reduce procurement volume by 5.9% to prevent inventory bloat,Forecasted demand is 5.9% lower than historical averages,"rolling_mean_7 SHAP contribution indicates a strong positive impact of recent sales, verifying high prediction confidence based on historical patterns",Demand is slowing: 7-day moving average (18.9) has fallen below 30-day baseline (20.8),Low forecast uncertainty: minimal volatility observed in predictions
5,16,17.14,18.94,37.25,6.4,Low Risk,Declining Demand,417,Medium Priority,Reduce procurement volume by 9.5% to prevent inventory bloat,Forecasted demand is 9.5% lower than historical averages,"rolling_mean_7 SHAP contribution indicates a strong positive impact of recent sales, verifying high prediction confidence based on historical patterns",Demand is slowing: 7-day moving average (15.0) has fallen below 30-day baseline (15.8),Low forecast uncertainty: minimal volatility observed in predictions
9,3,36.84,37.68,37.21,27.31,Low Risk,Declining Demand,418,Medium Priority,Maintain current replenishment levels,Forecasted demand aligns closely with historical baseline levels,rolling_mean_7 SHAP contribution indicates a strong positive impact of recent sales,Demand is slowing: 7-day moving average (30.3) has fallen below 30-day baseline (33.5),Low forecast uncertainty: minimal volatility observed in predictions
3,26,52.75,53.04,37.16,47.27,Medium Risk,Declining Demand,419,Medium Priority,Maintain current replenishment levels,Forecasted demand aligns closely with historical baseline levels,rolling_mean_7 SHAP contribution indicates a strong positive impact of recent sales,Demand is slowing: 7-day moving average (43.9) has fallen below 30-day baseline (46.0),Moderate uncertainty: stable metrics with minor variance
4,30,41.04,41.5,37.12,34.59,Medium Risk,Declining Demand,420,Medium Priority,Maintain current replenishment levels,Forecasted demand aligns closely with historical baseline levels,rolling_mean_7 SHAP contribution indicates a strong positive impact of recent sales,Demand is slowing: 7-day moving average (33.0) has fallen below 30-day baseline (36.3),Moderate uncertainty: stable metrics with minor variance
8,40,33.6,35.14,37.1,24.97,Low Risk,Declining Demand,421,Medium Priority,Maintain current replenishment levels,Forecasted demand aligns closely with historical baseline levels,rolling_mean_7 SHAP contribution indicates a strong positive impact of recent sales,Demand is slowing: 7-day moving average (28.1) has fallen below 30-day baseline (30.1),Low forecast uncertainty: minimal volatility observed in predictions
5,21,28.26,29.84,37.02,21.75,Low Risk,Declining Demand,422,Medium Priority,Reduce procurement volume by 5.3% to prevent inventory bloat,Forecasted demand is 5.3% lower than historical averages,"rolling_mean_7 SHAP contribution indicates a strong positive impact of recent sales, verifying high prediction confidence based on historical patterns",Demand is slowing: 7-day moving average (23.3) has fallen below 30-day baseline (25.3),Low forecast uncertainty: minimal volatility observed in predictions
8,33,77.86,83.1,37.01,73.68,Critical Risk,Overstock Risk,423,Medium Priority,Reduce procurement volume by 6.3% to prevent inventory bloat,Forecasted demand is 6.3% lower than historical averages,"rolling_mean_7 SHAP contribution indicates a strong positive impact of recent sales, verifying high prediction confidence based on historical patterns",Demand is slowing: 7-day moving average (67.1) has fallen below 30-day baseline (69.9),Critical risk of variance: high historical volatility and forecasting residuals
1,9,44.03,45.53,36.91,37.1,Medium Risk,Declining Demand,424,Medium Priority,Maintain current replenishment levels,Forecasted demand aligns closely with historical baseline levels,rolling_mean_7 SHAP contribution indicates a strong positive impact of recent sales,Demand is slowing: 7-day moving average (36.6) has fallen below 30-day baseline (38.1),Moderate uncertainty: stable metrics with minor variance
4,16,24.18,26.53,36.64,16.86,Low Risk,Declining Demand,425,Medium Priority,Reduce procurement volume by 8.8% to prevent inventory bloat,Forecasted demand is 8.8% lower than historical averages,"rolling_mean_7 SHAP contribution indicates a strong positive impact of recent sales, verifying high prediction confidence based on historical patterns",Demand is slowing: 7-day moving average (21.4) has fallen below 30-day baseline (22.1),Low forecast uncertainty: minimal volatility observed in predictions
1,6,51.77,51.82,36.48,42.97,Medium Risk,Declining Demand,426,Medium Priority,Maintain current replenishment levels,Forecasted demand aligns closely with historical baseline levels,rolling_mean_7 SHAP contribution indicates a strong positive impact of recent sales,Demand is slowing: 7-day moving average (43.7) has fallen below 30-day baseline (47.7),Moderate uncertainty: stable metrics with minor variance
10,9,54.53,56.6,36.47,48.57,Medium Risk,Declining Demand,427,Medium Priority,Maintain current replenishment levels,Forecasted demand aligns closely with historical baseline levels,rolling_mean_7 SHAP contribution indicates a strong positive impact of recent sales,Demand is accelerating: 7-day moving average (47.9) exceeds 30-day baseline (47.6),Moderate uncertainty: stable metrics with minor variance
6,10,53.21,54.25,36.32,42.7,Medium Risk,Declining Demand,428,Medium Priority,Maintain current replenishment levels,Forecasted demand aligns closely with historical baseline levels,rolling_mean_7 SHAP contribution indicates a strong positive impact of recent sales,Demand is slowing: 7-day moving average (45.7) has fallen below 30-day baseline (47.7),Moderate uncertainty: stable metrics with minor variance
7,9,32.05,35.0,36.26,26.17,Low Risk,Declining Demand,429,Medium Priority,Reduce procurement volume by 8.4% to prevent inventory bloat,Forecasted demand is 8.4% lower than historical averages,"rolling_mean_7 SHAP contribution indicates a strong positive impact of recent sales, verifying high prediction confidence based on historical patterns",Demand is slowing: 7-day moving average (29.1) has fallen below 30-day baseline (29.2),Low forecast uncertainty: minimal volatility observed in predictions
5,13,60.17,62.88,36.25,55.78,High Risk,Overstock Risk,430,Medium Priority,Maintain current replenishment levels,Forecasted demand aligns closely with historical baseline levels,rolling_mean_7 SHAP contribution indicates a strong positive impact of recent sales,Demand is slowing: 7-day moving average (53.4) has fallen below 30-day baseline (53.6),Elevated uncertainty: historical sales show significant variance
1,30,33.82,35.28,36.22,28.08,Low Risk,Declining Demand,431,Medium Priority,Maintain current replenishment levels,Forecasted demand aligns closely with historical baseline levels,rolling_mean_7 SHAP contribution indicates a strong positive impact of recent sales,Demand is slowing: 7-day moving average (28.4) has fallen below 30-day baseline (31.0),Low forecast uncertainty: minimal volatility observed in predictions
1,3,30.11,32.44,36.13,25.88,Low Risk,Declining Demand,432,Medium Priority,Reduce procurement volume by 7.2% to prevent inventory bloat,Forecasted demand is 7.2% lower than historical averages,"rolling_mean_7 SHAP contribution indicates a strong positive impact of recent sales, verifying high prediction confidence based on historical patterns",Demand is slowing: 7-day moving average (27.0) has fallen below 30-day baseline (28.1),Low forecast uncertainty: minimal volatility observed in predictions
6,5,12.79,13.56,36.0,2.51,Low Risk,Declining Demand,433,Medium Priority,Reduce procurement volume by 5.7% to prevent inventory bloat,Forecasted demand is 5.7% lower than historical averages,"rolling_mean_7 SHAP contribution indicates a strong positive impact of recent sales, verifying high prediction confidence based on historical patterns",Demand is slowing: 7-day moving average (9.9) has fallen below 30-day baseline (12.5),Low forecast uncertainty: minimal volatility observed in predictions
2,41,25.47,27.28,35.99,18.17,Low Risk,Declining Demand,434,Medium Priority,Reduce procurement volume by 6.6% to prevent inventory bloat,Forecasted demand is 6.6% lower than historical averages,"rolling_mean_7 SHAP contribution indicates a strong positive impact of recent sales, verifying high prediction confidence based on historical patterns",Demand is slowing: 7-day moving average (21.6) has fallen below 30-day baseline (23.3),Low forecast uncertainty: minimal volatility observed in predictions
5,12,49.79,51.87,35.96,42.98,Medium Risk,Declining Demand,435,Medium Priority,Maintain current replenishment levels,Forecasted demand aligns closely with historical baseline levels,rolling_mean_7 SHAP contribution indicates a strong positive impact of recent sales,Demand is slowing: 7-day moving average (43.4) has fallen below 30-day baseline (43.6),Moderate uncertainty: stable metrics with minor variance
9,34,25.31,26.44,35.9,18.24,Low Risk,Declining Demand,436,Medium Priority,Maintain current replenishment levels,Forecasted demand aligns closely with historical baseline levels,"rolling_mean_7 SHAP contribution indicates a strong positive impact of recent sales, verifying high prediction confidence based on historical patterns",Demand is slowing: 7-day moving average (20.9) has fallen below 30-day baseline (24.0),Low forecast uncertainty: minimal volatility observed in predictions
6,42,25.17,27.31,35.77,18.52,Low Risk,Declining Demand,437,Medium Priority,Reduce procurement volume by 7.9% to prevent inventory bloat,Forecasted demand is 7.9% lower than historical averages,"rolling_mean_7 SHAP contribution indicates a strong positive impact of recent sales, verifying high prediction confidence based on historical patterns",Demand is slowing: 7-day moving average (22.0) has fallen below 30-day baseline (23.5),Low forecast uncertainty: minimal volatility observed in predictions
10,39,47.28,48.22,35.67,37.99,Medium Risk,Declining Demand,438,Medium Priority,Maintain current replenishment levels,Forecasted demand aligns closely with historical baseline levels,rolling_mean_7 SHAP contribution indicates a strong positive impact of recent sales,Demand is slowing: 7-day moving average (40.3) has fallen below 30-day baseline (42.9),Moderate uncertainty: stable metrics with minor variance
7,20,30.77,32.51,35.47,25.34,Low Risk,Declining Demand,439,Medium Priority,Reduce procurement volume by 5.3% to prevent inventory bloat,Forecasted demand is 5.3% lower than historical averages,"rolling_mean_7 SHAP contribution indicates a strong positive impact of recent sales, verifying high prediction confidence based on historical patterns",Demand is slowing: 7-day moving average (25.7) has fallen below 30-day baseline (28.1),Low forecast uncertainty: minimal volatility observed in predictions
7,15,58.59,59.78,35.43,47.33,Medium Risk,Declining Demand,440,Medium Priority,Maintain current replenishment levels,Forecasted demand aligns closely with historical baseline levels,rolling_mean_7 SHAP contribution indicates a strong positive impact of recent sales,Demand is slowing: 7-day moving average (49.4) has fallen below 30-day baseline (52.2),Moderate uncertainty: stable metrics with minor variance
8,26,56.71,57.22,35.36,49.99,Medium Risk,Declining Demand,441,Medium Priority,Maintain current replenishment levels,Forecasted demand aligns closely with historical baseline levels,rolling_mean_7 SHAP contribution indicates a strong positive impact of recent sales,Demand is slowing: 7-day moving average (47.9) has fallen below 30-day baseline (51.7),Moderate uncertainty: stable metrics with minor variance
3,6,63.37,65.6,35.33,55.6,High Risk,Overstock Risk,442,Medium Priority,Maintain current replenishment levels,Forecasted demand aligns closely with historical baseline levels,rolling_mean_7 SHAP contribution indicates a strong positive impact of recent sales,Demand is slowing: 7-day moving average (54.4) has fallen below 30-day baseline (56.9),Elevated uncertainty: historical sales show significant variance
4,26,47.15,48.57,35.03,40.23,Medium Risk,Declining Demand,443,Medium Priority,Maintain current replenishment levels,Forecasted demand aligns closely with historical baseline levels,rolling_mean_7 SHAP contribution indicates a strong positive impact of recent sales,Demand is slowing: 7-day moving average (40.4) has fallen below 30-day baseline (42.7),Moderate uncertainty: stable metrics with minor variance
1,38,68.07,71.45,35.02,69.52,High Risk,Overstock Risk,444,Medium Priority,Maintain current replenishment levels,Forecasted demand aligns closely with historical baseline levels,rolling_mean_7 SHAP contribution indicates a strong positive impact of recent sales,Demand is slowing: 7-day moving average (58.9) has fallen below 30-day baseline (62.1),Elevated uncertainty: historical sales show significant variance
6,31,40.82,43.48,34.97,32.61,Medium Risk,Declining Demand,445,Medium Priority,Reduce procurement volume by 6.1% to prevent inventory bloat,Forecasted demand is 6.1% lower than historical averages,rolling_mean_7 SHAP contribution indicates a strong positive impact of recent sales,Demand is slowing: 7-day moving average (34.9) has fallen below 30-day baseline (35.9),Moderate uncertainty: stable metrics with minor variance
8,43,58.89,61.45,34.74,56.59,High Risk,Overstock Risk,446,Medium Priority,Maintain current replenishment levels,Forecasted demand aligns closely with historical baseline levels,rolling_mean_7 SHAP contribution indicates a strong positive impact of recent sales,Demand is slowing: 7-day moving average (51.4) has fallen below 30-day baseline (52.5),Elevated uncertainty: historical sales show significant variance
6,6,41.76,43.4,34.72,34.13,Medium Risk,Declining Demand,447,Medium Priority,Maintain current replenishment levels,Forecasted demand aligns closely with historical baseline levels,rolling_mean_7 SHAP contribution indicates a strong positive impact of recent sales,Demand is slowing: 7-day moving average (34.9) has fallen below 30-day baseline (37.6),Moderate uncertainty: stable metrics with minor variance
10,35,69.15,71.88,34.63,61.82,High Risk,Overstock Risk,448,Medium Priority,Maintain current replenishment levels,Forecasted demand aligns closely with historical baseline levels,rolling_mean_7 SHAP contribution indicates a strong positive impact of recent sales,Demand is slowing: 7-day moving average (58.6) has fallen below 30-day baseline (63.9),Elevated uncertainty: historical sales show significant variance
10,8,78.19,84.06,34.54,75.84,Critical Risk,Overstock Risk,449,Medium Priority,Reduce procurement volume by 7.0% to prevent inventory bloat,Forecasted demand is 7.0% lower than historical averages,"rolling_mean_7 SHAP contribution indicates a strong positive impact of recent sales, verifying high prediction confidence based on historical patterns",Demand is slowing: 7-day moving average (66.9) has fallen below 30-day baseline (71.7),Critical risk of variance: high historical volatility and forecasting residuals
7,50,41.62,44.81,34.31,38.25,Medium Risk,Declining Demand,450,Medium Priority,Reduce procurement volume by 7.1% to prevent inventory bloat,Forecasted demand is 7.1% lower than historical averages,rolling_mean_7 SHAP contribution indicates a strong positive impact of recent sales,Demand is slowing: 7-day moving average (37.1) has fallen below 30-day baseline (37.6),Moderate uncertainty: stable metrics with minor variance
6,7,41.12,43.67,34.02,36.37,Medium Risk,Declining Demand,451,Low Priority,Reduce procurement volume by 5.9% to prevent inventory bloat,Forecasted demand is 5.9% lower than historical averages,rolling_mean_7 SHAP contribution indicates a strong positive impact of recent sales,Demand is slowing: 7-day moving average (35.3) has fallen below 30-day baseline (36.8),Moderate uncertainty: stable metrics with minor variance
9,6,57.7,59.97,34.0,52.01,High Risk,Overstock Risk,452,Low Priority,Maintain current replenishment levels,Forecasted demand aligns closely with historical baseline levels,rolling_mean_7 SHAP contribution indicates a strong positive impact of recent sales,Demand is slowing: 7-day moving average (50.6) has fallen below 30-day baseline (52.8),Elevated uncertainty: historical sales show significant variance
7,39,27.7,29.89,33.9,22.2,Low Risk,Declining Demand,453,Low Priority,Reduce procurement volume by 7.3% to prevent inventory bloat,Forecasted demand is 7.3% lower than historical averages,"rolling_mean_7 SHAP contribution indicates a strong positive impact of recent sales, verifying high prediction confidence based on historical patterns",Demand is slowing: 7-day moving average (22.7) has fallen below 30-day baseline (24.8),Low forecast uncertainty: minimal volatility observed in predictions
2,24,78.08,82.65,33.6,72.91,Critical Risk,Overstock Risk,454,Low Priority,Reduce procurement volume by 5.5% to prevent inventory bloat,Forecasted demand is 5.5% lower than historical averages,"rolling_mean_7 SHAP contribution indicates a strong positive impact of recent sales, verifying high prediction confidence based on historical patterns",Demand is slowing: 7-day moving average (65.3) has fallen below 30-day baseline (73.1),Critical risk of variance: high historical volatility and forecasting residuals
5,31,42.19,43.62,33.55,38.86,Medium Risk,Declining Demand,455,Low Priority,Maintain current replenishment levels,Forecasted demand aligns closely with historical baseline levels,rolling_mean_7 SHAP contribution indicates a strong positive impact of recent sales,Demand is slowing: 7-day moving average (34.1) has fallen below 30-day baseline (37.9),Moderate uncertainty: stable metrics with minor variance
5,2,42.42,43.36,33.45,36.59,Medium Risk,Declining Demand,456,Low Priority,Maintain current replenishment levels,Forecasted demand aligns closely with historical baseline levels,rolling_mean_7 SHAP contribution indicates a strong positive impact of recent sales,Demand is slowing: 7-day moving average (34.1) has fallen below 30-day baseline (38.8),Moderate uncertainty: stable metrics with minor variance
2,19,48.8,50.61,33.45,40.53,Medium Risk,Declining Demand,457,Low Priority,Maintain current replenishment levels,Forecasted demand aligns closely with historical baseline levels,rolling_mean_7 SHAP contribution indicates a strong positive impact of recent sales,Demand is slowing: 7-day moving average (41.6) has fallen below 30-day baseline (43.9),Moderate uncertainty: stable metrics with minor variance
4,17,31.32,33.81,33.39,23.82,Low Risk,Declining Demand,458,Low Priority,Reduce procurement volume by 7.4% to prevent inventory bloat,Forecasted demand is 7.4% lower than historical averages,"rolling_mean_7 SHAP contribution indicates a strong positive impact of recent sales, verifying high prediction confidence based on historical patterns",Demand is slowing: 7-day moving average (26.6) has fallen below 30-day baseline (28.9),Low forecast uncertainty: minimal volatility observed in predictions
4,37,28.73,29.99,33.04,22.3,Low Risk,Declining Demand,459,Low Priority,Maintain current replenishment levels,Forecasted demand aligns closely with historical baseline levels,"rolling_mean_7 SHAP contribution indicates a strong positive impact of recent sales, verifying high prediction confidence based on historical patterns",Demand is slowing: 7-day moving average (22.4) has fallen below 30-day baseline (26.6),Low forecast uncertainty: minimal volatility observed in predictions
7,23,17.48,19.7,32.46,11.63,Low Risk,Declining Demand,460,Low Priority,Reduce procurement volume by 11.3% to prevent inventory bloat,Forecasted demand is 11.3% lower than historical averages,"rolling_mean_7 SHAP contribution indicates a strong positive impact of recent sales, verifying high prediction confidence based on historical patterns",Demand is slowing: 7-day moving average (14.7) has fallen below 30-day baseline (16.3),Low forecast uncertainty: minimal volatility observed in predictions
10,26,48.29,52.34,32.4,44.56,Medium Risk,Declining Demand,461,Low Priority,Reduce procurement volume by 7.7% to prevent inventory bloat,Forecasted demand is 7.7% lower than historical averages,rolling_mean_7 SHAP contribution indicates a strong positive impact of recent sales,Demand is accelerating: 7-day moving average (42.6) exceeds 30-day baseline (42.2),Moderate uncertainty: stable metrics with minor variance
8,32,49.41,52.7,32.28,45.25,Medium Risk,Declining Demand,462,Low Priority,Reduce procurement volume by 6.2% to prevent inventory bloat,Forecasted demand is 6.2% lower than historical averages,rolling_mean_7 SHAP contribution indicates a strong positive impact of recent sales,Demand is slowing: 7-day moving average (42.6) has fallen below 30-day baseline (43.5),Moderate uncertainty: stable metrics with minor variance
2,16,29.56,32.17,32.28,23.99,Low Risk,Declining Demand,463,Low Priority,Reduce procurement volume by 8.1% to prevent inventory bloat,Forecasted demand is 8.1% lower than historical averages,"rolling_mean_7 SHAP contribution indicates a strong positive impact of recent sales, verifying high prediction confidence based on historical patterns",Demand is slowing: 7-day moving average (23.9) has fallen below 30-day baseline (26.0),Low forecast uncertainty: minimal volatility observed in predictions
3,37,30.19,32.68,32.06,24.03,Low Risk,Declining Demand,464,Low Priority,Reduce procurement volume by 7.6% to prevent inventory bloat,Forecasted demand is 7.6% lower than historical averages,"rolling_mean_7 SHAP contribution indicates a strong positive impact of recent sales, verifying high prediction confidence based on historical patterns",Demand is slowing: 7-day moving average (25.3) has fallen below 30-day baseline (27.9),Low forecast uncertainty: minimal volatility observed in predictions
6,4,14.86,16.37,31.97,6.28,Low Risk,Declining Demand,465,Low Priority,Reduce procurement volume by 9.2% to prevent inventory bloat,Forecasted demand is 9.2% lower than historical averages,"rolling_mean_7 SHAP contribution indicates a strong positive impact of recent sales, verifying high prediction confidence based on historical patterns",Demand is slowing: 7-day moving average (11.9) has fallen below 30-day baseline (14.3),Low forecast uncertainty: minimal volatility observed in predictions
4,50,62.75,67.31,31.87,61.16,High Risk,Overstock Risk,466,Low Priority,Reduce procurement volume by 6.8% to prevent inventory bloat,Forecasted demand is 6.8% lower than historical averages,rolling_mean_7 SHAP contribution indicates a strong positive impact of recent sales,Demand is slowing: 7-day moving average (54.9) has fallen below 30-day baseline (56.7),Elevated uncertainty: historical sales show significant variance
4,42,34.33,37.61,31.76,29.07,Low Risk,Declining Demand,467,Low Priority,Reduce procurement volume by 8.7% to prevent inventory bloat,Forecasted demand is 8.7% lower than historical averages,rolling_mean_7 SHAP contribution indicates a strong positive impact of recent sales,Demand is slowing: 7-day moving average (29.6) has fallen below 30-day baseline (31.2),Low forecast uncertainty: minimal volatility observed in predictions
8,4,23.09,26.48,31.47,17.24,Low Risk,Declining Demand,468,Low Priority,Reduce procurement volume by 12.8% to prevent inventory bloat,Forecasted demand is 12.8% lower than historical averages,"rolling_mean_7 SHAP contribution indicates a strong positive impact of recent sales, verifying high prediction confidence based on historical patterns",Demand is slowing: 7-day moving average (19.9) has fallen below 30-day baseline (20.6),Low forecast uncertainty: minimal volatility observed in predictions
1,42,29.14,32.36,31.42,21.45,Low Risk,Declining Demand,469,Low Priority,Reduce procurement volume by 10.0% to prevent inventory bloat,Forecasted demand is 10.0% lower than historical averages,"rolling_mean_7 SHAP contribution indicates a strong positive impact of recent sales, verifying high prediction confidence based on historical patterns",Demand is slowing: 7-day moving average (24.1) has fallen below 30-day baseline (25.7),Low forecast uncertainty: minimal volatility observed in predictions
1,37,23.17,25.81,31.41,19.4,Low Risk,Declining Demand,470,Low Priority,Reduce procurement volume by 10.2% to prevent inventory bloat,Forecasted demand is 10.2% lower than historical averages,"rolling_mean_7 SHAP contribution indicates a strong positive impact of recent sales, verifying high prediction confidence based on historical patterns",Demand is slowing: 7-day moving average (20.1) has fallen below 30-day baseline (22.1),Low forecast uncertainty: minimal volatility observed in predictions
2,9,60.16,63.94,31.39,55.71,High Risk,Overstock Risk,471,Low Priority,Reduce procurement volume by 5.9% to prevent inventory bloat,Forecasted demand is 5.9% lower than historical averages,rolling_mean_7 SHAP contribution indicates a strong positive impact of recent sales,Demand is slowing: 7-day moving average (51.9) has fallen below 30-day baseline (53.8),Elevated uncertainty: historical sales show significant variance
5,6,41.16,43.51,31.33,34.97,Medium Risk,Declining Demand,472,Low Priority,Reduce procurement volume by 5.4% to prevent inventory bloat,Forecasted demand is 5.4% lower than historical averages,rolling_mean_7 SHAP contribution indicates a strong positive impact of recent sales,Demand is slowing: 7-day moving average (33.4) has fallen below 30-day baseline (37.1),Moderate uncertainty: stable metrics with minor variance
3,43,55.55,56.83,31.29,45.87,Medium Risk,Declining Demand,473,Low Priority,Maintain current replenishment levels,Forecasted demand aligns closely with historical baseline levels,rolling_mean_7 SHAP contribution indicates a strong positive impact of recent sales,Demand is slowing: 7-day moving average (45.7) has fallen below 30-day baseline (51.3),Moderate uncertainty: stable metrics with minor variance
9,46,57.91,60.67,31.14,51.2,High Risk,Overstock Risk,474,Low Priority,Maintain current replenishment levels,Forecasted demand aligns closely with historical baseline levels,rolling_mean_7 SHAP contribution indicates a strong positive impact of recent sales,Demand is slowing: 7-day moving average (48.6) has fallen below 30-day baseline (52.9),Elevated uncertainty: historical sales show significant variance
7,2,37.53,39.79,31.05,30.6,Medium Risk,Declining Demand,475,Low Priority,Reduce procurement volume by 5.7% to prevent inventory bloat,Forecasted demand is 5.7% lower than historical averages,rolling_mean_7 SHAP contribution indicates a strong positive impact of recent sales,Demand is slowing: 7-day moving average (30.6) has fallen below 30-day baseline (34.3),Moderate uncertainty: stable metrics with minor variance
9,39,42.51,45.09,31.03,39.02,Medium Risk,Declining Demand,476,Low Priority,Reduce procurement volume by 5.7% to prevent inventory bloat,Forecasted demand is 5.7% lower than historical averages,rolling_mean_7 SHAP contribution indicates a strong positive impact of recent sales,Demand is slowing: 7-day moving average (34.9) has fallen below 30-day baseline (38.3),Moderate uncertainty: stable metrics with minor variance
6,45,56.13,59.61,30.98,52.79,High Risk,Overstock Risk,477,Low Priority,Reduce procurement volume by 5.8% to prevent inventory bloat,Forecasted demand is 5.8% lower than historical averages,rolling_mean_7 SHAP contribution indicates a strong positive impact of recent sales,Demand is slowing: 7-day moving average (48.7) has fallen below 30-day baseline (50.9),Elevated uncertainty: historical sales show significant variance
3,10,74.58,81.35,30.68,73.28,Critical Risk,Overstock Risk,478,Low Priority,Reduce procurement volume by 8.3% to prevent inventory bloat,Forecasted demand is 8.3% lower than historical averages,"rolling_mean_7 SHAP contribution indicates a strong positive impact of recent sales, verifying high prediction confidence based on historical patterns",Demand is slowing: 7-day moving average (63.9) has fallen below 30-day baseline (70.6),Critical risk of variance: high historical volatility and forecasting residuals
9,14,56.52,59.97,30.38,50.62,High Risk,Overstock Risk,479,Low Priority,Reduce procurement volume by 5.8% to prevent inventory bloat,Forecasted demand is 5.8% lower than historical averages,rolling_mean_7 SHAP contribution indicates a strong positive impact of recent sales,Demand is slowing: 7-day moving average (48.4) has fallen below 30-day baseline (50.7),Elevated uncertainty: historical sales show significant variance
10,7,60.61,64.36,29.98,53.79,High Risk,Overstock Risk,480,Low Priority,Reduce procurement volume by 5.8% to prevent inventory bloat,Forecasted demand is 5.8% lower than historical averages,rolling_mean_7 SHAP contribution indicates a strong positive impact of recent sales,Demand is slowing: 7-day moving average (52.1) has fallen below 30-day baseline (55.9),Elevated uncertainty: historical sales show significant variance
3,31,60.93,65.4,29.91,56.83,High Risk,Overstock Risk,481,Low Priority,Reduce procurement volume by 6.8% to prevent inventory bloat,Forecasted demand is 6.8% lower than historical averages,rolling_mean_7 SHAP contribution indicates a strong positive impact of recent sales,Demand is slowing: 7-day moving average (52.7) has fallen below 30-day baseline (55.4),Elevated uncertainty: historical sales show significant variance
2,48,61.3,64.45,29.75,51.89,High Risk,Overstock Risk,482,Low Priority,Maintain current replenishment levels,Forecasted demand aligns closely with historical baseline levels,rolling_mean_7 SHAP contribution indicates a strong positive impact of recent sales,Demand is slowing: 7-day moving average (52.1) has fallen below 30-day baseline (57.2),Elevated uncertainty: historical sales show significant variance
7,38,51.86,54.67,29.74,45.5,Medium Risk,Declining Demand,483,Low Priority,Reduce procurement volume by 5.1% to prevent inventory bloat,Forecasted demand is 5.1% lower than historical averages,rolling_mean_7 SHAP contribution indicates a strong positive impact of recent sales,Demand is slowing: 7-day moving average (43.6) has fallen below 30-day baseline (47.2),Moderate uncertainty: stable metrics with minor variance
9,42,34.15,37.89,29.65,30.21,Medium Risk,Declining Demand,484,Low Priority,Reduce procurement volume by 9.9% to prevent inventory bloat,Forecasted demand is 9.9% lower than historical averages,rolling_mean_7 SHAP contribution indicates a strong positive impact of recent sales,Demand is slowing: 7-day moving average (29.3) has fallen below 30-day baseline (31.5),Moderate uncertainty: stable metrics with minor variance
9,26,45.98,49.17,29.63,39.36,Medium Risk,Declining Demand,485,Low Priority,Reduce procurement volume by 6.5% to prevent inventory bloat,Forecasted demand is 6.5% lower than historical averages,rolling_mean_7 SHAP contribution indicates a strong positive impact of recent sales,Demand is slowing: 7-day moving average (39.1) has fallen below 30-day baseline (42.2),Moderate uncertainty: stable metrics with minor variance
10,2,60.18,63.91,29.45,55.18,High Risk,Overstock Risk,486,Low Priority,Reduce procurement volume by 5.8% to prevent inventory bloat,Forecasted demand is 5.8% lower than historical averages,rolling_mean_7 SHAP contribution indicates a strong positive impact of recent sales,Demand is slowing: 7-day moving average (51.9) has fallen below 30-day baseline (55.7),Elevated uncertainty: historical sales show significant variance
8,16,27.93,30.7,29.39,22.48,Low Risk,Declining Demand,487,Low Priority,Reduce procurement volume by 9.0% to prevent inventory bloat,Forecasted demand is 9.0% lower than historical averages,"rolling_mean_7 SHAP contribution indicates a strong positive impact of recent sales, verifying high prediction confidence based on historical patterns",Demand is slowing: 7-day moving average (22.6) has fallen below 30-day baseline (25.7),Low forecast uncertainty: minimal volatility observed in predictions
6,15,60.51,65.09,29.3,59.55,High Risk,Overstock Risk,488,Low Priority,Reduce procurement volume by 7.0% to prevent inventory bloat,Forecasted demand is 7.0% lower than historical averages,rolling_mean_7 SHAP contribution indicates a strong positive impact of recent sales,Demand is slowing: 7-day moving average (52.7) has fallen below 30-day baseline (55.8),Elevated uncertainty: historical sales show significant variance
5,4,14.92,16.47,28.92,4.54,Low Risk,Declining Demand,489,Low Priority,Reduce procurement volume by 9.4% to prevent inventory bloat,Forecasted demand is 9.4% lower than historical averages,"rolling_mean_7 SHAP contribution indicates a strong positive impact of recent sales, verifying high prediction confidence based on historical patterns",Demand is slowing: 7-day moving average (11.6) has fallen below 30-day baseline (14.6),Low forecast uncertainty: minimal volatility observed in predictions
6,29,47.94,52.18,28.74,43.17,Medium Risk,Declining Demand,490,Low Priority,Reduce procurement volume by 8.1% to prevent inventory bloat,Forecasted demand is 8.1% lower than historical averages,rolling_mean_7 SHAP contribution indicates a strong positive impact of recent sales,Demand is slowing: 7-day moving average (40.9) has fallen below 30-day baseline (42.5),Moderate uncertainty: stable metrics with minor variance
7,30,24.6,27.48,28.71,18.17,Low Risk,Declining Demand,491,Low Priority,Reduce procurement volume by 10.5% to prevent inventory bloat,Forecasted demand is 10.5% lower than historical averages,"rolling_mean_7 SHAP contribution indicates a strong positive impact of recent sales, verifying high prediction confidence based on historical patterns",Demand is slowing: 7-day moving average (20.1) has fallen below 30-day baseline (22.9),Low forecast uncertainty: minimal volatility observed in predictions
4,6,56.41,59.91,28.45,52.13,High Risk,Overstock Risk,492,Low Priority,Reduce procurement volume by 5.8% to prevent inventory bloat,Forecasted demand is 5.8% lower than historical averages,rolling_mean_7 SHAP contribution indicates a strong positive impact of recent sales,Demand is slowing: 7-day moving average (47.7) has fallen below 30-day baseline (51.7),Elevated uncertainty: historical sales show significant variance
6,24,45.87,49.33,28.11,42.48,Medium Risk,Declining Demand,493,Low Priority,Reduce procurement volume by 7.0% to prevent inventory bloat,Forecasted demand is 7.0% lower than historical averages,rolling_mean_7 SHAP contribution indicates a strong positive impact of recent sales,Demand is slowing: 7-day moving average (38.3) has fallen below 30-day baseline (42.0),Moderate uncertainty: stable metrics with minor variance
6,22,55.06,59.62,27.17,51.26,High Risk,Overstock Risk,494,Low Priority,Reduce procurement volume by 7.6% to prevent inventory bloat,Forecasted demand is 7.6% lower than historical averages,rolling_mean_7 SHAP contribution indicates a strong positive impact of recent sales,Demand is slowing: 7-day moving average (46.4) has fallen below 30-day baseline (49.3),Elevated uncertainty: historical sales show significant variance
3,19,41.02,44.75,27.09,36.31,Medium Risk,Declining Demand,495,Low Priority,Reduce procurement volume by 8.3% to prevent inventory bloat,Forecasted demand is 8.3% lower than historical averages,rolling_mean_7 SHAP contribution indicates a strong positive impact of recent sales,Demand is slowing: 7-day moving average (33.1) has fallen below 30-day baseline (37.0),Moderate uncertainty: stable metrics with minor variance
10,19,40.75,44.33,26.63,37.1,Medium Risk,Declining Demand,496,Low Priority,Reduce procurement volume by 8.1% to prevent inventory bloat,Forecasted demand is 8.1% lower than historical averages,rolling_mean_7 SHAP contribution indicates a strong positive impact of recent sales,Demand is slowing: 7-day moving average (32.6) has fallen below 30-day baseline (36.9),Moderate uncertainty: stable metrics with minor variance
1,24,54.92,58.69,26.59,51.27,High Risk,Overstock Risk,497,Low Priority,Reduce procurement volume by 6.4% to prevent inventory bloat,Forecasted demand is 6.4% lower than historical averages,rolling_mean_7 SHAP contribution indicates a strong positive impact of recent sales,Demand is slowing: 7-day moving average (45.0) has fallen below 30-day baseline (49.6),Elevated uncertainty: historical sales show significant variance
5,26,31.89,35.53,26.34,25.93,Low Risk,Declining Demand,498,Low Priority,Reduce procurement volume by 10.3% to prevent inventory bloat,Forecasted demand is 10.3% lower than historical averages,"rolling_mean_7 SHAP contribution indicates a strong positive impact of recent sales, verifying high prediction confidence based on historical patterns",Demand is slowing: 7-day moving average (25.9) has fallen below 30-day baseline (29.5),Low forecast uncertainty: minimal volatility observed in predictions
2,17,38.52,41.67,24.21,35.0,Medium Risk,Declining Demand,499,Low Priority,Reduce procurement volume by 7.5% to prevent inventory bloat,Forecasted demand is 7.5% lower than historical averages,rolling_mean_7 SHAP contribution indicates a strong positive impact of recent sales,Demand is slowing: 7-day moving average (30.1) has fallen below 30-day baseline (36.6),Moderate uncertainty: stable metrics with minor variance
5,33,46.37,51.97,23.82,43.74,Medium Risk,Declining Demand,500,Low Priority,Reduce procurement volume by 10.8% to prevent inventory bloat,Forecasted demand is 10.8% lower than historical averages,rolling_mean_7 SHAP contribution indicates a strong positive impact of recent sales,Demand is slowing: 7-day moving average (38.9) has fallen below 30-day baseline (42.1),Moderate uncertainty: stable metrics with minor variance
